game_id,game_name,wild_symbols,scatter_symbols,free_spins,bonus_rounds,multipliers,jackpots,paylines,reel_mechanisms,gamble_feature,rtp,volatility,themes,mystery_symbols,random_triggers
1,Candy Boom,Sticky,No,32,Yes,3,Progressive,49,Megaways,No,90.21,High,Thriller,Yes,Yes
2,Wolf Run Dynasty Progressive,Expanding,Yes,29,Yes,8,Progressive,42,Cascading,Yes,13.29,High,Horror,Yes,No
3,Lucha Extreme,Regular,Yes,45,No,4,Progressive,14,Cascading,No,78.76,High,Animation,No,No
4,Red Hot Sapphires,Expanding,Yes,47,No,7,Progressive,8,Megaways,Yes,54.5,Low,Biography,No,Yes
5,Cozy Cat Cash,Regular,No,36,No,2,Progressive,17,Cascading,Yes,43.81,Low,Comedy,Yes,No
6,4 Montezuma's Treasure,Sticky,Yes,6,Yes,5,Progressive,20,Megaways,Yes,91.71,High,Western,No,No
7,Football Ultimate Champions King,Sticky,Yes,41,Yes,6,Progressive,33,Cascading,Yes,30.66,Low,Adventure,Yes,No
8,Merlins Revenge Megaways,Sticky,No,4,No,3,Progressive,28,Cascading,No,39.45,Low,Horror,No,No
9,Cupid's Strike II,Regular,Yes,16,Yes,6,Progressive,17,Cascading,Yes,9.82,High,Romance,Yes,Yes
10,Showdown Saloon,Sticky,No,6,No,9,Progressive,44,Cascading,No,51.83,Low,Western,Yes,No
11,Wild Tusks,Regular,Yes,42,Yes,4,Progressive,16,Megaways,No,65.39,Low,Biography,No,Yes
12,81 Western Outlaws,Regular,No,47,No,10,Progressive,40,Megaways,Yes,19.68,High,Drama,No,No
13,5 Boxing,Regular,No,30,Yes,2,Progressive,19,Megaways,Yes,71.19,High,Mystery,No,No
14,Treasure Mine Power Reels,Expanding,Yes,10,Yes,7,Progressive,43,Megaways,No,30.24,High,Horror,No,No
15,Arctic Valor,Sticky,No,37,No,9,Progressive,23,Cascading,No,66.77,Low,Action,Yes,No
16,Anubis Gold,Expanding,No,47,Yes,7,Progressive,48,Cascading,Yes,6.24,High,Thriller,No,Yes
17,Prize Pots O'Gold,Regular,No,43,Yes,4,Progressive,45,Cascading,Yes,96.09,High,Sport,No,Yes
18,9 Circles of Hell,Sticky,Yes,2,Yes,4,Progressive,45,Megaways,No,7.53,Low,Sci-Fi,No,Yes
19,Money Magic,Regular,No,0,No,8,Progressive,6,Megaways,Yes,47.98,High,Thriller,Yes,No
20,77777 Jackpot,Expanding,Yes,24,Yes,8,Progressive,48,Cascading,Yes,47.57,High,History,Yes,No
21,Move n Jump,Expanding,No,11,No,10,Progressive,23,Megaways,Yes,18.35,High,Horror,No,No
22,Prince Charming,Expanding,Yes,34,Yes,9,Progressive,30,Megaways,Yes,28.21,High,History,Yes,Yes
23,Egyptian Reels,Regular,Yes,1,Yes,8,Progressive,21,Cascading,No,74.35,Low,History,No,Yes
24,Dino Might,Expanding,Yes,26,Yes,8,Progressive,18,Cascading,Yes,65.73,High,Western,Yes,Yes
25,Prosperity Gods,Expanding,No,32,No,6,Progressive,20,Megaways,Yes,30.42,High,Comedy,No,Yes
26,Castle of Terror,Regular,Yes,4,No,5,Progressive,5,Megaways,No,73.55,Low,Biography,No,No
27,Cash Fruits Plus,Regular,No,17,No,9,Progressive,23,Cascading,No,21.63,High,War,Yes,Yes
28,Jo-jo Joker,Regular,No,8,Yes,7,Progressive,27,Cascading,No,98.05,High,Drama,No,No
29,Tiki Bonanza,Sticky,No,48,Yes,2,Progressive,9,Megaways,Yes,47.82,High,Music,No,No
30,Brazil Carnival,Sticky,Yes,38,No,10,Progressive,10,Cascading,Yes,84.66,High,War,Yes,No
31,Silver Fang,Regular,No,22,No,7,Progressive,33,Cascading,No,57.91,High,Drama,Yes,Yes
32,Cluster Mania,Sticky,No,45,Yes,7,Progressive,27,Cascading,Yes,86.49,High,Animation,Yes,Yes
33,Dice Dice Baby,Expanding,Yes,38,No,6,Progressive,24,Cascading,Yes,7.71,High,Drama,No,Yes
34,Downtown,Sticky,Yes,14,Yes,3,Progressive,39,Megaways,No,38.49,Low,Family,No,Yes
35,Joker Explosion,Sticky,Yes,17,No,5,Progressive,17,Megaways,No,39.95,High,Crime,No,Yes
36,Caribbean Pirates,Expanding,No,4,Yes,9,Progressive,7,Megaways,No,92.36,Low,Drama,No,Yes
37,5 Super Sevens & Fruits,Expanding,No,22,Yes,7,Progressive,49,Cascading,No,94.07,High,Musical,No,Yes
38,Legend of Inca,Regular,No,28,Yes,6,Progressive,14,Cascading,Yes,61.09,High,Action,No,Yes
39,Infinite Wilds,Regular,No,16,No,5,Progressive,40,Cascading,Yes,62.76,Low,Drama,Yes,No
40,Aquatic Treasures Coast 2 Coast,Expanding,Yes,20,No,3,Progressive,43,Cascading,No,96.22,Low,Fantasy,Yes,No
41,Infectus,Sticky,No,31,No,10,Progressive,37,Cascading,No,35.37,High,Crime,Yes,No
42,Mongol Treasures,Sticky,No,31,No,5,Progressive,22,Megaways,No,50.53,High,Biography,No,Yes
43,Defenders of Asgard,Expanding,Yes,25,Yes,8,Progressive,31,Megaways,No,83.06,Low,Thriller,Yes,No
44,Alchemy's Mystery,Expanding,No,49,No,5,Progressive,33,Cascading,No,90.56,Low,Family,No,No
45,Viking Queen,Sticky,Yes,25,No,8,Progressive,20,Megaways,Yes,45.21,High,Action,No,No
46,The Last Sundown,Sticky,Yes,10,No,10,Progressive,42,Cascading,No,33.23,High,Sport,No,Yes
47,Tomb of Mirrors,Expanding,Yes,23,Yes,6,Progressive,28,Cascading,No,27.71,Low,Documentary,No,Yes
48,Neon Light Fruits,Expanding,No,29,Yes,5,Progressive,41,Cascading,Yes,95.54,Low,Animation,No,Yes
49,#Luxurylife,Expanding,Yes,42,No,4,Progressive,14,Megaways,No,21.09,High,Documentary,Yes,No
50,Jelly Jam,Sticky,Yes,39,Yes,7,Progressive,14,Cascading,Yes,73.4,Low,History,No,No
51,9 Sons 1 King,Sticky,Yes,43,No,10,Progressive,10,Cascading,Yes,14.96,Low,Family,No,Yes
52,Zeus Legend of Gods,Sticky,No,8,No,7,Progressive,32,Cascading,Yes,88.06,High,Sci-Fi,No,No
53,Necromancer,Expanding,Yes,17,No,9,Progressive,15,Cascading,Yes,97.25,High,Action,No,No
54,Mermaid Jewels,Regular,Yes,31,Yes,9,Progressive,4,Cascading,Yes,83.37,High,Animation,Yes,No
55,Kingdoms Edge 95,Regular,No,14,No,3,Progressive,8,Megaways,No,80.36,Low,Sci-Fi,Yes,Yes
56,Drunk Rabbit,Regular,Yes,41,No,3,Progressive,46,Megaways,No,4.76,Low,Comedy,No,No
57,Almighty Ramses II,Regular,No,49,No,4,Progressive,27,Megaways,Yes,47.7,Low,Fantasy,No,Yes
58,Amazon Kingdom,Sticky,No,49,Yes,9,Progressive,24,Cascading,No,30.69,Low,History,No,No
59,Legendary Treasures,Expanding,No,26,Yes,8,Progressive,42,Megaways,Yes,54.73,High,Animation,No,No
60,Win-O-Rama,Sticky,No,47,Yes,2,Progressive,34,Megaways,Yes,61.83,High,Horror,Yes,Yes
61,Break Da Bank Again Megaways,Expanding,Yes,34,No,2,Progressive,18,Megaways,Yes,25.01,Low,Comedy,No,Yes
62,Chess King,Expanding,No,33,No,10,Progressive,50,Cascading,No,52.35,Low,Crime,Yes,Yes
63,Golden Mahjong,Regular,Yes,32,Yes,4,Progressive,23,Cascading,Yes,19.94,High,Fantasy,No,No
64,Primate King,Expanding,No,24,Yes,3,Progressive,35,Megaways,Yes,54.22,High,Sci-Fi,No,Yes
65,The Slotfather Part II,Sticky,Yes,2,Yes,4,Progressive,21,Megaways,No,41.1,High,Film Noir,Yes,No
66,Blazing Bull 2,Sticky,Yes,47,No,4,Progressive,12,Cascading,No,26.55,Low,Family,No,No
67,Ghost Pirates,Sticky,Yes,9,Yes,8,Progressive,17,Cascading,Yes,83.75,Low,Fantasy,No,No
68,Secrets Of The Pixies,Expanding,No,45,Yes,8,Progressive,7,Megaways,Yes,6.37,High,Documentary,Yes,No
69,24 Hour Grand Prix,Sticky,No,1,No,3,Progressive,27,Cascading,No,82.22,Low,Family,Yes,Yes
70,Mother of Horus,Regular,Yes,16,No,3,Progressive,42,Megaways,No,76.59,Low,Adventure,Yes,Yes
71,Lucky Lady Bug,Sticky,No,44,Yes,7,Progressive,49,Cascading,No,34.04,High,Crime,No,No
72,Cash Pig,Expanding,No,1,No,8,Progressive,38,Megaways,No,46.69,High,Fantasy,Yes,No
73,Fuji San With Fusion Reels,Expanding,No,7,Yes,4,Progressive,1,Megaways,No,43.81,Low,Adventure,No,No
74,Plenty of Presents,Regular,No,37,Yes,6,Progressive,46,Cascading,Yes,16.52,High,Animation,Yes,Yes
75,Super Shot 2,Expanding,Yes,47,Yes,10,Progressive,30,Cascading,No,64.27,High,Sci-Fi,Yes,No
76,Snowing Gifts 2,Regular,No,7,Yes,4,Progressive,28,Cascading,Yes,55.36,Low,Thriller,No,Yes
77,Native Indians,Regular,Yes,22,No,10,Progressive,37,Cascading,No,37.35,Low,War,Yes,Yes
78,Legend of the Golden Monkey,Regular,Yes,1,No,2,Progressive,48,Megaways,Yes,73.15,Low,Documentary,No,No
79,JinglePop,Sticky,No,26,Yes,10,Progressive,38,Megaways,No,45.6,Low,Fantasy,Yes,Yes
80,Diamonds Downunder,Sticky,No,28,No,3,Progressive,22,Cascading,No,70.6,High,Action,No,No
81,Happy Nuts,Expanding,Yes,36,Yes,5,Progressive,17,Megaways,Yes,23.9,High,Sci-Fi,No,Yes
82,Fishin' for Gold,Expanding,Yes,8,Yes,4,Progressive,6,Megaways,No,16.74,Low,Crime,Yes,No
83,Fireborn,Expanding,Yes,17,Yes,10,Progressive,48,Megaways,No,18.2,Low,Mystery,No,No
84,Triple Profits,Regular,Yes,1,Yes,8,Progressive,49,Cascading,Yes,74.14,High,Sport,No,Yes
85,Rat's Money,Expanding,Yes,49,No,10,Progressive,3,Megaways,Yes,33.05,High,Horror,Yes,Yes
86,Triple Diamond,Sticky,Yes,19,No,10,Progressive,38,Megaways,No,70.73,High,Romance,No,Yes
87,Succubus Offer,Regular,No,6,No,2,Progressive,46,Cascading,Yes,93.43,High,Sport,Yes,No
88,Peter's Universe,Regular,No,3,No,3,Progressive,12,Cascading,Yes,26.5,High,Comedy,No,No
89,Vikings Go Berzerk,Regular,No,13,Yes,9,Progressive,19,Cascading,No,63.05,High,Sci-Fi,No,No
90,Rainbow Trinkets,Expanding,No,27,Yes,10,Progressive,25,Megaways,Yes,46.76,Low,Sport,No,Yes
91,River N' Blues,Expanding,Yes,13,Yes,3,Progressive,6,Cascading,No,56.58,High,Family,No,Yes
92,Super 8's,Sticky,Yes,15,No,6,Progressive,2,Megaways,Yes,62.96,Low,Thriller,No,Yes
93,Wen Ding,Regular,Yes,3,Yes,8,Progressive,49,Cascading,Yes,47.12,High,Comedy,No,Yes
94,Super Joker 40,Sticky,No,35,No,6,Progressive,4,Cascading,No,60.35,Low,Fantasy,Yes,Yes
95,Finn and The Candy Spin,Expanding,Yes,35,Yes,9,Progressive,3,Megaways,No,52.39,Low,Sport,No,Yes
96,Funky Fruits Farm,Regular,Yes,29,No,5,Progressive,20,Megaways,No,65.41,High,Adventure,No,No
97,Top Trumps Celebs,Sticky,Yes,5,No,5,Progressive,10,Cascading,Yes,79.46,Low,Film Noir,No,No
98,Stellar Wind,Sticky,No,10,No,9,Progressive,17,Megaways,Yes,29.37,High,Sport,Yes,Yes
99,Africa Gold,Regular,Yes,16,No,8,Progressive,11,Megaways,Yes,63.18,High,Animation,No,No
100,Panda Chef,Regular,Yes,20,Yes,5,Progressive,35,Megaways,No,53.6,High,Biography,No,No
101,Hugo's Adventure,Sticky,Yes,6,No,8,Progressive,20,Megaways,Yes,64.08,Low,Adventure,Yes,Yes
102,Treasure Room,Sticky,No,45,Yes,2,Progressive,30,Megaways,No,61.36,Low,Music,Yes,No
103,Clash of Gods,Regular,Yes,23,Yes,9,Progressive,29,Megaways,No,37.88,High,Action,Yes,Yes
104,2 Kings of Africa,Expanding,No,38,No,10,Progressive,49,Megaways,Yes,87.79,High,Sport,Yes,Yes
105,Blood Wolf Legend,Expanding,Yes,50,No,5,Progressive,38,Megaways,No,51.03,High,Musical,No,Yes
106,Riches of RA,Expanding,Yes,42,No,4,Progressive,24,Cascading,No,54.47,Low,Horror,No,No
107,Arthur's Fortune,Expanding,Yes,47,No,7,Progressive,43,Cascading,No,41.03,Low,Horror,No,Yes
108,Twinkling Hot 40,Regular,Yes,19,No,7,Progressive,8,Megaways,No,37.91,Low,Film Noir,Yes,No
109,Gold Metal Ox,Sticky,Yes,4,No,7,Progressive,21,Megaways,Yes,3.48,High,Documentary,No,Yes
110,Mystery Fox Christmas Party,Sticky,No,39,No,7,Progressive,35,Cascading,No,8.57,High,Adventure,Yes,No
111,Million Degrees Stars and Bars,Sticky,Yes,5,Yes,2,Progressive,4,Cascading,No,32.91,High,Thriller,Yes,No
112,Fortune Three Xmas,Expanding,Yes,31,Yes,10,Progressive,49,Megaways,Yes,32.2,Low,Crime,No,Yes
113,Wolf Fang: Sakura Fortune,Expanding,Yes,1,No,9,Progressive,43,Cascading,Yes,26.67,Low,History,Yes,No
114,Immortal Glory,Regular,No,8,No,8,Progressive,47,Cascading,No,29.93,High,Musical,No,No
115,Rich Diamonds,Sticky,No,36,Yes,2,Progressive,17,Megaways,No,25.13,Low,Thriller,Yes,No
116,Hot Shot Progressive,Sticky,No,26,No,6,Progressive,33,Megaways,Yes,88.21,Low,Comedy,Yes,No
117,Mustang Freedom,Regular,No,40,No,6,Progressive,15,Megaways,Yes,39.79,High,Western,Yes,No
118,Sweet Chilli: Electric  Cash,Sticky,No,3,No,7,Progressive,40,Cascading,Yes,94.79,High,Sport,No,No
119,Photo Safari,Expanding,No,43,Yes,9,Progressive,16,Megaways,Yes,54.25,Low,Music,No,No
120,Story of Hercules,Expanding,No,27,No,3,Progressive,42,Megaways,Yes,40.71,High,Action,No,Yes
121,Safari King,Sticky,No,37,Yes,4,Progressive,44,Megaways,Yes,50.35,Low,Horror,No,No
122,Alchemy Riches,Regular,Yes,39,No,2,Progressive,25,Megaways,Yes,43.63,High,Western,No,Yes
123,5 Wild Heart,Sticky,No,6,Yes,5,Progressive,36,Megaways,Yes,71.77,High,History,No,No
124,Merlin's Alchemy,Expanding,Yes,3,No,3,Progressive,13,Megaways,No,84.29,Low,Biography,No,No
125,Puppy Party,Expanding,Yes,28,Yes,10,Progressive,42,Cascading,No,82.44,High,Fantasy,Yes,No
126,Brain Dead,Sticky,No,22,Yes,5,Progressive,29,Megaways,Yes,40.6,High,Animation,No,Yes
127,Fruit Cafe 20,Expanding,Yes,42,Yes,5,Progressive,5,Megaways,Yes,31.99,High,Western,No,No
128,Rich Cai Shen,Expanding,Yes,13,Yes,7,Progressive,0,Cascading,Yes,53.04,Low,Drama,Yes,Yes
129,Superstars,Regular,No,6,Yes,7,Progressive,14,Cascading,Yes,83.44,Low,Horror,No,Yes
130,SlotGF Amane,Sticky,No,50,No,6,Progressive,17,Megaways,Yes,13.81,Low,Sport,No,Yes
131,Insects 18,Regular,No,38,No,3,Progressive,2,Cascading,Yes,94.0,Low,Thriller,No,No
132,Triple Stars,Regular,No,3,No,7,Progressive,37,Megaways,Yes,14.49,Low,Sport,No,No
133,Fortune Ace,Expanding,Yes,11,Yes,10,Progressive,6,Cascading,No,20.13,Low,Adventure,Yes,No
134,Shoot!,Regular,Yes,24,No,4,Progressive,16,Megaways,Yes,90.69,Low,Adventure,No,Yes
135,Aztec Spell 10 Lines,Sticky,Yes,43,Yes,4,Progressive,6,Megaways,No,20.76,Low,Crime,Yes,Yes
136,Gold Pile: New Years Gold,Sticky,Yes,33,No,7,Progressive,14,Megaways,Yes,36.99,High,War,Yes,Yes
137,Gold Fish Feeding Time Deluxe Treasure,Expanding,Yes,9,No,2,Progressive,12,Cascading,Yes,6.31,High,Sci-Fi,No,Yes
138,Quick Hit Lucky Wheel,Regular,Yes,2,Yes,5,Progressive,40,Cascading,No,1.22,High,War,No,Yes
139,Lady Lava Mini-Max,Expanding,Yes,0,No,3,Progressive,29,Cascading,Yes,28.68,High,Romance,Yes,No
140,Panda's Wealth,Expanding,Yes,28,No,7,Progressive,26,Megaways,Yes,5.36,High,Documentary,No,No
141,Cash Box,Regular,Yes,5,No,7,Progressive,3,Cascading,Yes,35.69,Low,Comedy,No,No
142,Jambo Cash,Sticky,No,41,Yes,6,Progressive,15,Megaways,Yes,46.06,Low,Biography,No,No
143,Twin Spinner Book of Ra Deluxe,Regular,Yes,46,No,9,Progressive,37,Megaways,Yes,26.38,Low,Horror,Yes,No
144,Master Chen's Fortune,Expanding,Yes,15,No,7,Progressive,19,Cascading,No,18.17,High,Documentary,No,No
145,Green Grocery,Sticky,Yes,3,No,5,Progressive,44,Cascading,Yes,16.06,High,Horror,Yes,Yes
146,Mega Dragon (Manna Play),Regular,No,36,Yes,9,Progressive,46,Megaways,Yes,4.01,High,Western,No,No
147,Ultra Luck,Expanding,Yes,7,Yes,4,Progressive,34,Cascading,No,49.32,Low,Drama,Yes,Yes
148,Irish Coins Lock 2 Spin,Sticky,Yes,11,Yes,9,Progressive,8,Cascading,Yes,24.58,High,Crime,Yes,No
149,Dragon's Treasure 2,Regular,No,23,Yes,2,Progressive,9,Cascading,No,19.58,Low,Sport,Yes,Yes
150,Royale House,Sticky,No,9,Yes,8,Progressive,36,Cascading,Yes,32.36,High,Mystery,No,No
151,Samurai Fury,Expanding,Yes,50,Yes,9,Progressive,6,Cascading,Yes,92.52,High,Adventure,No,Yes
152,Wonder Land 2,Sticky,No,18,No,5,Progressive,48,Cascading,No,77.17,High,Crime,Yes,Yes
153,Fairies' Land,Sticky,Yes,26,No,6,Progressive,40,Cascading,No,19.31,Low,War,Yes,Yes
154,Rock N Roller,Expanding,No,18,Yes,7,Progressive,40,Cascading,No,18.65,Low,Mystery,No,No
155,Cuddles Royal,Regular,Yes,40,Yes,7,Progressive,28,Cascading,Yes,7.47,Low,Musical,Yes,No
156,Chinese Ancient Tomb,Sticky,No,48,No,5,Progressive,47,Cascading,Yes,3.36,High,Fantasy,Yes,Yes
157,Prosperity Blessing,Regular,Yes,50,Yes,6,Progressive,46,Cascading,No,77.03,Low,Adventure,Yes,No
158,Ra's Legend,Expanding,No,36,No,9,Progressive,26,Megaways,No,66.82,High,Sci-Fi,Yes,No
159,Divine 9,Regular,No,39,No,5,Progressive,3,Megaways,Yes,71.15,Low,Action,Yes,No
160,Power of Zorro,Regular,No,4,No,8,Progressive,9,Cascading,Yes,8.98,Low,Mystery,Yes,No
161,Diamond Symphony,Expanding,No,9,No,6,Progressive,33,Cascading,Yes,15.57,Low,Horror,No,No
162,Lara Croft Temples and Tombs,Expanding,No,8,Yes,6,Progressive,0,Megaways,Yes,96.14,High,Romance,Yes,Yes
163,Postman,Regular,No,14,Yes,10,Progressive,44,Cascading,No,91.75,Low,Thriller,Yes,No
164,Spellbound,Regular,No,41,No,6,Progressive,13,Megaways,No,73.9,Low,Mystery,No,Yes
165,Mighty Dragon,Expanding,No,49,Yes,3,Progressive,36,Megaways,Yes,47.57,High,Family,Yes,No
166,Mahjong 88,Expanding,Yes,27,No,2,Progressive,28,Megaways,No,62.57,High,Sci-Fi,Yes,Yes
167,Big Game Safari,Sticky,Yes,4,Yes,3,Progressive,50,Cascading,Yes,82.72,Low,Crime,Yes,Yes
168,Chicken Ninja,Regular,No,16,No,4,Progressive,22,Cascading,No,43.64,Low,Fantasy,Yes,Yes
169,Golden Dragon Hold 'N' Link,Regular,Yes,8,Yes,8,Progressive,37,Megaways,No,65.74,Low,Musical,No,No
170,The Wild Four,Regular,Yes,26,No,2,Progressive,39,Megaways,Yes,84.32,High,Horror,Yes,Yes
171,Opera of the Masks,Sticky,Yes,2,Yes,2,Progressive,35,Megaways,No,63.08,Low,Animation,Yes,Yes
172,Hot to Burn Hold and Spin,Regular,No,48,No,8,Progressive,31,Cascading,No,76.97,High,History,Yes,Yes
173,Knights Shield Link&Win 4Tune,Expanding,No,13,Yes,8,Progressive,0,Megaways,Yes,28.62,High,Drama,Yes,Yes
174,Great Panda Hold and Win,Expanding,Yes,34,Yes,8,Progressive,12,Megaways,No,19.72,Low,Thriller,No,No
175,3021 The Bounty Hunter Gigablox,Expanding,Yes,25,Yes,8,Progressive,40,Megaways,No,74.17,Low,Sci-Fi,Yes,No
176,Fortunes of Olympus,Sticky,No,29,Yes,5,Progressive,11,Megaways,Yes,1.58,High,Thriller,Yes,No
177,Duelbits Quest,Sticky,Yes,40,No,5,Progressive,20,Cascading,Yes,16.04,High,Drama,No,Yes
178,Persian Treasures,Expanding,Yes,25,No,10,Progressive,28,Megaways,Yes,92.72,High,Horror,Yes,Yes
179,Golden Eggs,Regular,Yes,43,No,6,Progressive,42,Cascading,Yes,78.8,Low,Sci-Fi,No,Yes
180,Cave of Gold,Sticky,No,50,No,7,Progressive,24,Cascading,Yes,19.15,High,Fantasy,Yes,Yes
181,Kaboom,Sticky,No,26,No,2,Progressive,40,Cascading,Yes,97.03,Low,Western,Yes,Yes
182,Dino PD,Regular,Yes,12,No,8,Progressive,8,Megaways,No,15.19,Low,Fantasy,No,Yes
183,Book of Ibis,Sticky,Yes,18,Yes,9,Progressive,31,Cascading,No,71.94,Low,Western,Yes,Yes
184,The Temple of Astarta,Sticky,Yes,32,No,2,Progressive,50,Megaways,Yes,96.64,High,Animation,No,No
185,Legendary Palace,Regular,No,42,No,4,Progressive,2,Cascading,No,82.89,Low,War,No,Yes
186,God Of Wealth,Sticky,Yes,44,No,8,Progressive,26,Megaways,Yes,8.22,Low,Animation,No,Yes
187,Queen of Water - Tides of Fortune,Expanding,Yes,4,No,2,Progressive,43,Cascading,No,72.98,High,History,No,No
188,Excited Slot 3D 1000X,Expanding,Yes,28,Yes,7,Progressive,27,Cascading,No,5.46,High,Animation,No,No
189,Book of Gold: Double Chance,Sticky,No,36,No,2,Progressive,31,Cascading,No,38.93,Low,Comedy,Yes,Yes
190,Bonus Epic Crown,Sticky,Yes,6,Yes,3,Progressive,5,Megaways,No,86.63,Low,Sci-Fi,No,No
191,Disco Funk,Regular,Yes,40,Yes,6,Progressive,7,Megaways,No,43.46,Low,History,No,No
192,Cashapillar,Sticky,No,33,Yes,7,Progressive,32,Cascading,No,95.1,Low,Adventure,No,Yes
193,Classic Dice: 5 Reels,Expanding,No,16,No,5,Progressive,18,Megaways,No,25.19,High,Crime,Yes,No
194,Cyclops Smash,Regular,No,27,No,10,Progressive,6,Cascading,Yes,27.39,High,Adventure,No,No
195,Legacy of Inca,Expanding,No,18,No,6,Progressive,47,Megaways,No,61.77,Low,Sport,Yes,Yes
196,Dragon Dance AVP,Sticky,Yes,10,Yes,9,Progressive,14,Megaways,No,6.66,High,Western,Yes,Yes
197,Viking Legend,Expanding,No,21,Yes,7,Progressive,20,Cascading,Yes,39.92,Low,Film Noir,No,No
198,Lost Secret of Atlantis,Sticky,No,46,Yes,8,Progressive,41,Megaways,Yes,1.74,Low,Animation,No,No
199,Jackpot Jester 50K HQ,Expanding,Yes,49,No,2,Progressive,10,Megaways,Yes,95.4,Low,Film Noir,No,No
200,Pile ‘Em Up Frosty Sweets,Expanding,No,50,Yes,3,Progressive,11,Cascading,Yes,81.5,High,Western,Yes,Yes
201,Cheeky Tiki,Sticky,No,35,Yes,6,Progressive,42,Megaways,No,1.53,High,Music,No,No
202,Buffalo Hunt,Sticky,No,10,Yes,5,Progressive,3,Megaways,Yes,24.4,Low,Thriller,Yes,No
203,Toucan Wild,Regular,Yes,2,Yes,5,Progressive,18,Megaways,No,37.91,High,Biography,Yes,No
204,Gold Heist,Expanding,Yes,26,Yes,2,Progressive,5,Megaways,No,14.22,High,Sport,No,Yes
205,Valhalla Warriors,Sticky,No,26,No,7,Progressive,13,Cascading,No,9.92,Low,Family,Yes,No
206,Wink to Win,Regular,No,45,Yes,10,Progressive,21,Cascading,Yes,40.91,High,Thriller,No,No
207,Little Gem,Expanding,Yes,0,No,9,Progressive,24,Megaways,Yes,45.54,High,Romance,Yes,Yes
208,Burning Dice,Expanding,No,30,Yes,8,Progressive,3,Megaways,Yes,23.87,High,Musical,Yes,No
209,Sporting Legends: AP McCoy,Sticky,No,18,No,10,Progressive,21,Cascading,No,49.38,Low,Drama,Yes,No
210,The Belt of Champion,Sticky,Yes,29,No,6,Progressive,40,Cascading,No,88.22,High,Sci-Fi,No,No
211,Red Evil,Expanding,No,0,No,3,Progressive,29,Megaways,Yes,63.44,High,Western,No,Yes
212,Gemmed,Regular,No,30,No,2,Progressive,37,Cascading,Yes,29.7,High,Film Noir,Yes,Yes
213,88 Riches,Sticky,No,50,No,2,Progressive,5,Cascading,No,57.61,High,Film Noir,No,No
214,Juice Adventure,Expanding,No,32,Yes,4,Progressive,6,Megaways,No,16.38,Low,Sport,No,Yes
215,Bomb Runner,Expanding,No,11,No,9,Progressive,47,Cascading,Yes,65.75,Low,Horror,Yes,No
216,Moon Festival,Sticky,Yes,20,No,7,Progressive,42,Megaways,Yes,11.15,High,History,Yes,Yes
217,Return of the Phoenix,Expanding,Yes,21,Yes,2,Progressive,32,Megaways,No,96.72,Low,Musical,No,No
218,Snakes Toads,Regular,Yes,28,Yes,7,Progressive,37,Megaways,Yes,71.9,Low,Adventure,No,No
219,Taras Bulba,Expanding,No,27,No,3,Progressive,22,Megaways,No,57.25,High,Mystery,Yes,Yes
220,Daji,Expanding,No,11,Yes,2,Progressive,27,Cascading,No,11.86,High,Horror,Yes,No
221,Firefighters,Regular,Yes,27,Yes,5,Progressive,25,Cascading,No,80.77,Low,Action,Yes,Yes
222,Reel in the Cash,Sticky,Yes,24,No,3,Progressive,22,Cascading,No,24.81,Low,Sport,Yes,Yes
223,Cash Stampede,Sticky,Yes,24,Yes,6,Progressive,39,Cascading,Yes,29.41,High,Crime,Yes,Yes
224,Glory to Ukraine,Expanding,No,29,No,7,Progressive,13,Megaways,Yes,2.6,High,Musical,Yes,No
225,1 Reel Beauty,Sticky,No,27,No,2,Progressive,24,Megaways,Yes,66.21,Low,Family,No,No
226,Reel King Mega,Sticky,No,25,Yes,10,Progressive,27,Cascading,No,88.04,Low,Sci-Fi,Yes,No
227,Watford FC Slot,Sticky,Yes,10,Yes,3,Progressive,42,Megaways,No,76.39,High,History,No,No
228,The Wolf's Bane,Sticky,Yes,49,No,8,Progressive,4,Cascading,Yes,13.62,Low,Film Noir,No,Yes
229,Carnival Cup,Sticky,No,38,No,7,Progressive,18,Megaways,Yes,93.75,High,Family,No,Yes
230,Gems & Riches,Regular,No,5,Yes,3,Progressive,30,Megaways,No,16.81,Low,Documentary,Yes,No
231,Gold Fever,Regular,Yes,17,Yes,5,Progressive,34,Megaways,No,40.47,High,Sport,No,No
232,Royal Katt,Sticky,No,48,No,7,Progressive,18,Cascading,No,30.61,High,Crime,No,No
233,Justice League,Regular,No,43,No,3,Progressive,29,Cascading,No,42.75,High,Family,Yes,No
234,Big Max 77,Expanding,Yes,26,No,7,Progressive,45,Megaways,Yes,38.12,High,War,Yes,No
235,Blaze Of Ra,Regular,Yes,3,Yes,10,Progressive,1,Megaways,No,48.35,High,Film Noir,No,No
236,Golf Club,Expanding,Yes,3,Yes,5,Progressive,24,Megaways,Yes,43.0,High,Fantasy,Yes,Yes
237,Reel Diamonds,Sticky,No,20,No,2,Progressive,30,Megaways,No,76.23,Low,History,Yes,Yes
238,Temple of Iris,Regular,No,12,No,7,Progressive,21,Megaways,Yes,89.74,High,Crime,No,No
239,Action Cash Ra's Riches,Regular,Yes,27,No,10,Progressive,8,Cascading,Yes,65.19,High,Action,Yes,Yes
240,Gemstone Rush,Regular,Yes,8,Yes,9,Progressive,17,Megaways,No,20.52,Low,Comedy,No,Yes
241,Neon Rush,Sticky,No,20,Yes,4,Progressive,43,Megaways,No,36.3,Low,Adventure,Yes,Yes
242,Christmas Jackpot,Sticky,No,14,No,5,Progressive,28,Megaways,No,57.26,High,Drama,No,No
243,Mechanical Orange,Sticky,No,27,Yes,3,Progressive,16,Cascading,No,78.18,High,Documentary,Yes,No
244,Poseidon's Rising - The Golden Era,Sticky,No,30,Yes,2,Progressive,47,Cascading,No,29.93,High,Documentary,Yes,No
245,Starlight Kiss,Sticky,No,44,Yes,3,Progressive,19,Megaways,No,56.15,High,Animation,No,No
246,Hot Fruits Deluxe,Expanding,No,50,No,4,Progressive,32,Cascading,Yes,84.47,High,War,No,Yes
247,Triple Double Diamond FG ASC,Regular,Yes,25,Yes,4,Progressive,18,Megaways,No,76.22,Low,Mystery,Yes,No
248,Shiny Fruity Seven: Deluxe 5 Lines,Sticky,No,0,No,5,Progressive,17,Cascading,Yes,27.33,High,Crime,Yes,No
249,Retro Reels - Extreme Heat,Expanding,Yes,11,No,2,Progressive,30,Megaways,Yes,49.05,Low,Biography,Yes,Yes
250,The Maiden and the Swordman,Regular,Yes,44,Yes,4,Progressive,8,Cascading,No,69.1,Low,Biography,Yes,Yes
251,Legend of Hydra,Sticky,No,16,No,3,Progressive,27,Megaways,No,91.87,Low,Family,No,No
252,Fist of Gold,Sticky,No,3,No,5,Progressive,24,Cascading,No,13.71,Low,Western,No,Yes
253,Mermaids Millions,Sticky,Yes,37,No,2,Progressive,30,Cascading,No,36.36,Low,Musical,Yes,No
254,Lucky Firecracker,Sticky,No,39,Yes,5,Progressive,4,Cascading,No,87.46,High,History,No,No
255,Wild Corral,Regular,Yes,2,No,9,Progressive,7,Megaways,Yes,52.44,High,Documentary,No,Yes
256,Chronicles of Olympus II - Hades,Expanding,No,41,Yes,6,Progressive,3,Megaways,No,50.25,High,Biography,No,No
257,Wild Spells,Expanding,No,12,No,8,Progressive,30,Megaways,Yes,23.89,Low,Sport,No,No
258,Beriched,Expanding,No,8,Yes,5,Progressive,20,Megaways,Yes,9.41,Low,Western,No,No
259,Arctic Moon Lock and Respin,Regular,No,37,No,5,Progressive,44,Megaways,Yes,17.51,Low,Biography,No,Yes
260,Crazy Bomber,Sticky,Yes,10,Yes,9,Progressive,17,Cascading,Yes,78.64,High,Thriller,Yes,No
261,Athena's Glory - Story of Arachne,Regular,No,46,Yes,2,Progressive,14,Cascading,No,76.66,Low,History,No,Yes
262,MexoMax,Sticky,No,13,No,3,Progressive,29,Megaways,Yes,84.87,High,Musical,Yes,Yes
263,Wild Cauldron,Regular,No,35,No,5,Progressive,4,Cascading,Yes,28.97,High,Music,Yes,No
264,Fruityverse,Regular,Yes,16,Yes,7,Progressive,8,Cascading,No,63.02,Low,Adventure,Yes,No
265,Kitty Living,Sticky,No,0,No,8,Progressive,11,Megaways,No,88.3,Low,Family,Yes,Yes
266,Dragon's Voyage,Regular,No,32,Yes,7,Progressive,0,Megaways,Yes,47.02,Low,Western,No,Yes
267,Shark!,Regular,Yes,15,No,2,Progressive,35,Megaways,Yes,8.74,High,History,Yes,Yes
268,RCT - Talismanes,Expanding,Yes,49,No,2,Progressive,40,Cascading,No,91.63,Low,Musical,Yes,No
269,Blade Master,Regular,Yes,38,Yes,5,Progressive,14,Cascading,Yes,71.54,Low,War,No,No
270,Green Party,Sticky,No,49,No,3,Progressive,8,Cascading,Yes,96.86,Low,Documentary,Yes,Yes
271,Scrolls of Aphrodite,Regular,No,38,Yes,10,Progressive,36,Megaways,No,26.75,Low,Biography,Yes,Yes
272,Volatile Vikings 2: Dream Drop,Expanding,No,26,Yes,2,Progressive,19,Cascading,No,73.33,High,Romance,Yes,No
273,Jin Qian Wa,Regular,No,15,Yes,6,Progressive,42,Megaways,No,32.41,Low,Mystery,No,Yes
274,Almighty Lollipop SuperSymbols,Expanding,Yes,22,No,5,Progressive,23,Megaways,Yes,38.1,High,Action,No,Yes
275,Moon Spirit,Expanding,No,25,No,6,Progressive,8,Megaways,Yes,51.49,High,Music,No,Yes
276,Meneki Neko 243 Ways,Sticky,No,20,No,10,Progressive,4,Megaways,No,1.54,High,Comedy,No,Yes
277,Aztec Palace,Expanding,No,30,No,6,Progressive,3,Megaways,Yes,98.37,High,Documentary,No,Yes
278,Rainbow Ryan 2,Expanding,Yes,31,No,2,Progressive,43,Megaways,No,79.01,High,Sport,Yes,Yes
279,Fantastic Dragons Fire,Expanding,No,10,No,5,Progressive,30,Megaways,Yes,20.34,Low,Adventure,Yes,Yes
280,Polar Adventure,Expanding,No,35,Yes,5,Progressive,11,Cascading,Yes,73.66,Low,History,No,No
281,Merlin's Magic Mirror,Regular,No,24,Yes,7,Progressive,47,Cascading,Yes,22.02,Low,Mystery,Yes,Yes
282,Green Machine Free Spin,Expanding,Yes,40,No,9,Progressive,20,Cascading,No,57.63,Low,Action,No,Yes
283,Reel Desire,Expanding,No,15,No,10,Progressive,16,Megaways,Yes,47.59,High,Drama,No,Yes
284,Legends od Ra,Expanding,Yes,12,Yes,9,Progressive,49,Cascading,No,46.09,High,Biography,No,Yes
285,1421 Voyages of Zheng He,Sticky,Yes,17,Yes,6,Progressive,39,Cascading,No,8.5,High,Thriller,Yes,Yes
286,More Hearts,Regular,No,38,Yes,8,Progressive,34,Cascading,Yes,46.26,Low,Action,Yes,No
287,Cannon Thunder,Expanding,Yes,45,No,10,Progressive,18,Megaways,No,44.08,High,Musical,Yes,Yes
288,Richie in Vegas,Sticky,No,42,No,5,Progressive,0,Megaways,No,23.31,Low,Drama,No,No
289,Hot Football,Sticky,No,27,No,7,Progressive,42,Cascading,Yes,29.54,High,Drama,Yes,No
290,Cash-O-Matic,Expanding,No,50,No,7,Progressive,8,Megaways,No,48.87,High,Adventure,No,No
291,Thor Infinity Reels,Expanding,Yes,40,Yes,3,Progressive,25,Megaways,Yes,35.21,Low,War,No,No
292,Hockey Attack,Regular,No,26,No,8,Progressive,9,Cascading,No,5.57,High,War,No,No
293,Fairy Gathering,Expanding,Yes,0,Yes,3,Progressive,34,Megaways,Yes,36.97,Low,Family,Yes,No
294,Thai Boxing,Regular,Yes,7,No,10,Progressive,43,Cascading,Yes,46.86,High,War,Yes,No
295,Spinions Beach Party,Regular,No,28,Yes,9,Progressive,7,Cascading,Yes,84.63,High,Action,No,No
296,Jungle Jack,Regular,No,41,No,5,Progressive,43,Megaways,No,71.38,Low,History,No,Yes
297,Chance Machine 40,Regular,No,11,Yes,3,Progressive,41,Cascading,Yes,11.8,High,Fantasy,Yes,Yes
298,Vegas 27,Expanding,No,14,No,4,Progressive,8,Megaways,Yes,12.68,Low,Film Noir,Yes,Yes
299,Big Bass Bonanza,Expanding,Yes,27,No,10,Progressive,45,Megaways,Yes,72.97,Low,Western,Yes,Yes
300,Diamond Explosion 7s,Regular,Yes,0,Yes,10,Progressive,11,Cascading,No,90.3,Low,Family,Yes,No
301,Hyper Respins,Regular,No,29,Yes,10,Progressive,30,Cascading,Yes,30.01,Low,Thriller,Yes,Yes
302,Wizards of the Gold Order,Regular,No,48,No,7,Progressive,42,Cascading,No,76.92,High,Sport,No,No
303,Dolphin's Pearl,Sticky,Yes,14,No,4,Progressive,24,Cascading,Yes,18.36,High,Music,Yes,No
304,Rise of Shinobi,Expanding,No,38,Yes,9,Progressive,3,Megaways,No,51.75,Low,Thriller,No,No
305,Rob the Bank,Sticky,No,20,Yes,6,Progressive,14,Cascading,No,44.59,High,Mystery,Yes,No
306,CatPurry,Sticky,No,11,Yes,9,Progressive,50,Megaways,Yes,44.4,Low,History,Yes,No
307,Bloodlines,Sticky,No,7,No,9,Progressive,49,Cascading,Yes,78.54,Low,Mystery,No,Yes
308,Il Ballo del Qua Qua,Sticky,Yes,20,No,10,Progressive,37,Cascading,No,60.13,Low,Music,No,No
309,Gladiator of Rome,Expanding,Yes,26,Yes,6,Progressive,8,Cascading,Yes,15.18,High,Adventure,No,No
310,Shamrock Holmes MEGAWAYS,Sticky,Yes,29,Yes,7,Progressive,45,Cascading,Yes,21.5,High,Romance,No,No
311,Wild Fruit,Regular,Yes,23,Yes,4,Progressive,36,Cascading,Yes,9.34,Low,Documentary,Yes,Yes
312,Quadruple Da Vinci Diamonds,Expanding,Yes,27,No,8,Progressive,42,Megaways,No,64.53,Low,History,No,Yes
313,Throne of Camelot,Sticky,Yes,18,No,8,Progressive,17,Megaways,No,96.93,Low,Mystery,No,Yes
314,Wild Birthday Blast,Expanding,Yes,24,No,7,Progressive,47,Cascading,No,78.07,Low,Action,No,Yes
315,Ten Elements,Sticky,No,0,Yes,3,Progressive,16,Megaways,Yes,61.22,Low,Mystery,Yes,Yes
316,The Magic Orb,Sticky,Yes,1,Yes,3,Progressive,42,Cascading,Yes,14.45,Low,History,Yes,No
317,Wonderland Wilds,Sticky,Yes,4,No,6,Progressive,13,Megaways,No,84.73,Low,Musical,Yes,No
318,Mayan's Battle,Expanding,Yes,4,Yes,2,Progressive,46,Cascading,No,89.45,High,Animation,Yes,No
319,Rich Girl,Expanding,Yes,50,Yes,10,Progressive,24,Cascading,Yes,51.01,Low,Music,No,Yes
320,Cash Garden,Regular,No,44,No,6,Progressive,15,Cascading,Yes,39.01,Low,Western,Yes,Yes
321,African Magic,Sticky,Yes,19,Yes,3,Progressive,33,Megaways,Yes,4.15,High,Sci-Fi,Yes,Yes
322,Persian Gems,Sticky,No,22,Yes,2,Progressive,19,Megaways,Yes,12.57,High,Family,Yes,No
323,Nights of Fortune,Sticky,Yes,18,No,6,Progressive,11,Cascading,Yes,35.97,Low,Fantasy,Yes,Yes
324,Megaways Mob,Regular,No,31,Yes,10,Progressive,50,Megaways,Yes,12.6,Low,Family,Yes,No
325,1 Reel Classic,Expanding,No,42,No,8,Progressive,20,Megaways,Yes,26.28,Low,Documentary,Yes,No
326,243 Fire'n'Diamonds,Sticky,No,40,Yes,2,Progressive,45,Megaways,No,55.91,Low,Documentary,No,Yes
327,New Year Rising,Regular,Yes,7,Yes,3,Progressive,12,Cascading,No,85.82,Low,Mystery,Yes,Yes
328,Blazed Joker,Sticky,Yes,12,No,10,Progressive,24,Cascading,No,10.03,Low,Romance,Yes,Yes
329,Fury of Zeus,Regular,Yes,39,Yes,7,Progressive,22,Cascading,Yes,70.44,Low,Western,Yes,No
330,Club Havana,Expanding,Yes,29,Yes,5,Progressive,34,Cascading,Yes,56.59,Low,Film Noir,No,Yes
331,Shanghai Lights,Sticky,No,9,Yes,6,Progressive,16,Megaways,No,38.92,High,War,No,Yes
332,Hugon Quest,Sticky,No,0,Yes,10,Progressive,28,Cascading,Yes,91.77,Low,Romance,Yes,No
333,Pet Farm,Expanding,No,40,Yes,5,Progressive,21,Megaways,Yes,29.56,High,Sci-Fi,Yes,Yes
334,Pirate Treasure,Regular,Yes,21,No,4,Progressive,29,Megaways,Yes,62.59,High,Music,No,Yes
335,North Storm,Sticky,No,8,Yes,6,Progressive,47,Megaways,Yes,61.85,Low,Musical,No,No
336,Arséne Lupin,Expanding,Yes,6,No,4,Progressive,3,Cascading,No,50.03,Low,Biography,Yes,No
337,Black Forest,Sticky,Yes,36,No,10,Progressive,31,Megaways,No,22.86,Low,Drama,No,Yes
338,Buffalo Wild,Sticky,No,41,Yes,4,Progressive,10,Cascading,Yes,27.58,Low,Musical,No,No
339,Gonzos Quest Megaways,Sticky,No,48,Yes,8,Progressive,33,Cascading,Yes,47.88,Low,Animation,Yes,No
340,Crystals Digger,Expanding,No,1,No,5,Progressive,16,Megaways,No,61.83,High,Horror,Yes,No
341,Kung Fu Furry,Regular,No,34,No,9,Progressive,8,Cascading,No,58.17,Low,History,Yes,Yes
342,Football,Regular,Yes,16,Yes,6,Progressive,38,Cascading,Yes,87.92,High,Family,No,Yes
343,Sunset Delight,Sticky,No,13,Yes,5,Progressive,16,Cascading,No,7.79,Low,Family,No,No
344,Golden Beauty,Regular,No,5,No,4,Progressive,34,Megaways,No,48.73,Low,Family,No,Yes
345,Battle Roosters,Expanding,Yes,32,No,8,Progressive,29,Cascading,No,66.26,Low,Fantasy,No,No
346,Combat Romance,Regular,No,34,Yes,6,Progressive,31,Cascading,Yes,9.58,High,Drama,Yes,No
347,Gold Rush (Habanero),Regular,No,28,Yes,2,Progressive,48,Megaways,Yes,14.12,Low,Horror,No,No
348,Power Dragon,Regular,No,45,No,9,Progressive,13,Megaways,No,46.26,Low,Thriller,Yes,No
349,Grand Express Diamond Class,Expanding,Yes,8,Yes,6,Progressive,25,Megaways,No,1.33,Low,Biography,No,No
350,Gargoyle Infinity Reels,Regular,No,10,No,6,Progressive,6,Cascading,Yes,12.95,Low,War,Yes,Yes
351,Money Cart 4,Expanding,No,3,No,7,Progressive,40,Megaways,No,1.8,High,Music,No,Yes
352,Funny Alpaca,Expanding,No,1,No,10,Progressive,20,Cascading,No,22.13,High,Biography,Yes,No
353,Wild Diamond Miner,Expanding,No,28,No,7,Progressive,22,Megaways,Yes,9.13,Low,Documentary,No,No
354,Ancient Magic,Expanding,Yes,43,Yes,7,Progressive,15,Cascading,Yes,38.06,High,Crime,No,Yes
355,BeeHive Bedlam Reactors,Sticky,Yes,20,Yes,8,Progressive,30,Cascading,Yes,41.12,Low,Music,Yes,Yes
356,Rise of Atlantis 2,Sticky,No,42,No,5,Progressive,24,Megaways,No,2.14,Low,Comedy,Yes,No
357,Charlie Chance in Hell to Pay,Sticky,No,44,Yes,3,Progressive,28,Megaways,Yes,88.15,Low,Family,No,No
358,Irish Treasures,Sticky,Yes,14,Yes,8,Progressive,21,Megaways,No,28.61,Low,War,Yes,Yes
359,Cat Museum,Sticky,No,19,No,4,Progressive,2,Megaways,No,20.51,Low,Biography,Yes,No
360,God of Egypt,Expanding,No,34,Yes,2,Progressive,3,Megaways,Yes,62.83,High,Western,Yes,No
361,Book of Demi Gods 3: Reloaded,Sticky,Yes,7,No,5,Progressive,50,Megaways,Yes,39.08,High,Thriller,Yes,Yes
362,Cat Clans,Expanding,No,17,No,3,Progressive,29,Cascading,No,76.61,High,Music,Yes,No
363,King Koko's Quest,Regular,No,14,No,10,Progressive,40,Megaways,No,57.66,Low,Action,No,Yes
364,Book of Oziris,Regular,No,35,No,7,Progressive,42,Cascading,Yes,51.47,Low,Film Noir,Yes,No
365,Christmas Cashpots,Expanding,No,14,Yes,6,Progressive,12,Megaways,No,21.41,Low,Mystery,Yes,No
366,Jessica Weaver Regina dei Mari,Expanding,Yes,12,Yes,6,Progressive,12,Megaways,No,83.57,High,Documentary,No,No
367,Miami X,Regular,Yes,30,Yes,5,Progressive,3,Megaways,No,55.98,High,Film Noir,Yes,No
368,Cleo's Book,Regular,No,25,Yes,8,Progressive,2,Megaways,No,64.7,High,Music,No,No
369,Age of Pirates: Expanded Edition,Sticky,Yes,27,Yes,8,Progressive,4,Cascading,Yes,79.19,High,Horror,No,No
370,1 Reel Elves,Expanding,Yes,37,Yes,4,Progressive,24,Megaways,No,5.34,Low,Adventure,Yes,No
371,100 Lucky Bell,Regular,No,5,No,5,Progressive,25,Cascading,Yes,10.84,High,Sci-Fi,Yes,No
372,Lucky Gem Fusion Reels,Regular,No,9,No,4,Progressive,30,Megaways,Yes,56.6,High,Film Noir,Yes,Yes
373,Immortal Desire,Regular,Yes,44,No,9,Progressive,47,Megaways,No,76.88,High,Documentary,Yes,Yes
374,The Grandmaster,Regular,No,10,No,7,Progressive,42,Cascading,No,78.83,Low,Fantasy,No,Yes
375,Dark Summoning,Regular,Yes,48,Yes,6,Progressive,43,Megaways,Yes,43.24,Low,War,No,No
376,Cupid and Psyche,Expanding,Yes,21,No,3,Progressive,22,Megaways,Yes,55.63,Low,Crime,No,No
377,King Bam Bam,Sticky,Yes,32,No,10,Progressive,31,Megaways,Yes,7.76,Low,Thriller,No,No
378,Sticky Diamonds - Red Hot Firepot,Sticky,Yes,39,Yes,6,Progressive,19,Megaways,No,59.57,High,Crime,Yes,No
379,Mystic Moon,Regular,Yes,38,Yes,8,Progressive,4,Megaways,No,43.51,High,Film Noir,Yes,Yes
380,777 Super BIG BuildUp Deluxe,Sticky,No,50,Yes,9,Progressive,42,Cascading,No,31.89,Low,Sci-Fi,Yes,No
381,Beetle Jewels,Sticky,No,47,No,6,Progressive,16,Megaways,Yes,48.51,High,Adventure,Yes,Yes
382,Lady's Charms,Expanding,Yes,14,No,5,Progressive,45,Megaways,No,24.36,High,Western,No,No
383,Secrets of the Festival,Regular,No,33,Yes,7,Progressive,20,Megaways,Yes,55.83,High,Documentary,Yes,Yes
384,Hammer of Thor,Sticky,No,37,No,5,Progressive,8,Cascading,Yes,82.02,Low,Western,Yes,No
385,Savage Lion,Sticky,Yes,28,Yes,2,Progressive,16,Cascading,Yes,11.66,Low,Crime,No,No
386,Phantom Thief,Sticky,Yes,27,Yes,6,Progressive,36,Cascading,Yes,44.19,Low,Drama,Yes,No
387,Klondike Fever,Regular,No,23,Yes,3,Progressive,26,Cascading,No,29.17,High,War,No,No
388,Amazon Queen,Expanding,Yes,19,Yes,6,Progressive,45,Cascading,No,24.85,High,Documentary,No,Yes
389,Zodiac Wilds,Sticky,No,50,Yes,9,Progressive,40,Cascading,Yes,98.34,High,Family,No,Yes
390,Infectious 5,Sticky,Yes,4,Yes,2,Progressive,6,Megaways,No,47.94,Low,Adventure,Yes,Yes
391,Sugar Rush Summer Time,Sticky,No,39,No,3,Progressive,26,Cascading,Yes,27.76,Low,Romance,No,No
392,Mummified Mysteries,Sticky,Yes,11,No,10,Progressive,15,Cascading,No,85.27,High,War,No,No
393,X-Wild,Regular,No,25,No,4,Progressive,23,Megaways,No,68.44,High,War,No,Yes
394,Spirit of Mustang,Sticky,No,26,No,5,Progressive,37,Megaways,Yes,24.15,High,Mystery,No,Yes
395,Lama Glama,Expanding,Yes,38,No,2,Progressive,27,Megaways,Yes,98.48,High,Sport,Yes,Yes
396,Angeli e Demoni25,Sticky,No,32,No,5,Progressive,0,Megaways,Yes,36.61,Low,Musical,Yes,Yes
397,Bhagavad Gita,Expanding,Yes,3,Yes,9,Progressive,14,Cascading,No,38.7,Low,Biography,No,No
398,Mines of Glory,Regular,No,26,No,3,Progressive,0,Megaways,Yes,74.68,High,Horror,No,Yes
399,Lion Coins,Regular,No,8,No,6,Progressive,3,Megaways,No,64.32,High,Adventure,No,No
400,Carnaval,Sticky,No,38,No,5,Progressive,36,Megaways,No,49.67,Low,Sport,Yes,No
401,Super Fast Hot Hot Respin,Regular,No,6,Yes,4,Progressive,41,Cascading,No,24.84,High,Animation,No,Yes
402,Phoenix Inferno,Expanding,Yes,4,No,9,Progressive,16,Megaways,Yes,11.39,High,Western,Yes,Yes
403,Cai Shen Ye,Expanding,Yes,22,No,7,Progressive,34,Cascading,No,17.16,High,Film Noir,No,No
404,Cowboys Go West,Regular,No,43,No,4,Progressive,10,Cascading,Yes,15.39,Low,Sport,Yes,No
405,LooneyPop,Expanding,No,49,No,10,Progressive,0,Megaways,Yes,68.73,Low,Biography,No,No
406,The Lost City of Atlantis,Expanding,No,39,Yes,2,Progressive,34,Megaways,No,90.9,High,War,No,Yes
407,Mega Lucky Pot,Sticky,Yes,2,Yes,10,Progressive,4,Megaways,No,96.9,High,Family,Yes,Yes
408,Holmes and the Stolen Stones,Sticky,No,43,No,3,Progressive,49,Cascading,No,34.28,High,Biography,No,Yes
409,Shield of Athena,Regular,Yes,44,Yes,2,Progressive,43,Megaways,No,32.13,Low,Adventure,No,Yes
410,North South Lions,Sticky,No,21,No,7,Progressive,36,Cascading,No,72.74,High,Comedy,Yes,No
411,Story of Alice,Sticky,Yes,43,No,2,Progressive,33,Cascading,No,93.4,High,War,Yes,Yes
412,Wild Lucky Chance,Expanding,No,0,No,10,Progressive,1,Cascading,Yes,9.63,High,Music,No,No
413,Medusa II,Expanding,No,19,Yes,9,Progressive,47,Cascading,Yes,7.44,Low,Horror,Yes,No
414,PayDirt!,Sticky,Yes,26,Yes,3,Progressive,4,Megaways,No,96.97,High,Comedy,Yes,Yes
415,Lizard Disco,Regular,No,47,No,10,Progressive,6,Megaways,Yes,2.08,High,Horror,No,Yes
416,Geisha,Regular,Yes,24,Yes,5,Progressive,48,Megaways,No,60.49,High,Music,Yes,No
417,Shaolin Tiger,Regular,No,6,No,7,Progressive,0,Cascading,Yes,41.66,Low,Animation,Yes,No
418,Tetris Super Jackpots,Sticky,No,26,No,10,Progressive,21,Megaways,No,54.88,Low,Action,No,No
419,Popiñata,Expanding,Yes,48,No,4,Progressive,10,Cascading,Yes,50.06,Low,Drama,No,No
420,16 Coins Grand Gold Edition,Sticky,Yes,0,No,10,Progressive,11,Cascading,Yes,9.92,High,Music,Yes,Yes
421,Astronaut,Sticky,No,25,Yes,9,Progressive,21,Cascading,No,82.51,High,Action,No,No
422,Bomb Bonanza,Sticky,Yes,44,No,4,Progressive,42,Megaways,No,54.38,High,Action,No,Yes
423,King of Dragon,Sticky,No,13,Yes,5,Progressive,50,Cascading,Yes,65.1,High,Animation,No,No
424,Alice in Adventureland,Sticky,No,24,Yes,7,Progressive,28,Megaways,No,2.36,High,Mystery,No,No
425,Battle Ops,Sticky,No,35,Yes,8,Progressive,34,Megaways,No,15.12,Low,Horror,No,Yes
426,Pyramids of the Nile,Sticky,No,34,No,3,Progressive,20,Cascading,No,53.01,Low,Film Noir,No,Yes
427,KAPOW!,Sticky,Yes,37,Yes,2,Progressive,43,Megaways,No,87.1,High,Drama,No,No
428,Santa Mummy,Regular,Yes,38,No,3,Progressive,17,Cascading,No,50.24,Low,Adventure,Yes,No
429,Lilith Inferno,Sticky,Yes,45,Yes,2,Progressive,3,Megaways,Yes,17.44,High,Family,Yes,Yes
430,Hearts Desire,Expanding,Yes,14,No,5,Progressive,35,Megaways,Yes,81.64,High,Action,Yes,Yes
431,Avalon,Expanding,Yes,22,Yes,10,Progressive,28,Cascading,No,32.3,High,Comedy,No,Yes
432,Queen of Mars,Sticky,Yes,22,No,9,Progressive,30,Megaways,Yes,33.25,Low,Crime,Yes,Yes
433,Gold Train,Expanding,No,42,No,6,Progressive,46,Megaways,No,96.86,Low,Music,Yes,No
434,The French Reelvolution,Sticky,Yes,24,No,9,Progressive,3,Cascading,Yes,96.21,Low,War,Yes,No
435,Classic Joker: 5 Reels,Regular,Yes,36,Yes,3,Progressive,33,Cascading,Yes,94.37,Low,War,Yes,Yes
436,Runaway 7s,Expanding,Yes,0,No,3,Progressive,21,Megaways,Yes,51.54,High,Sci-Fi,No,No
437,Jiggly Cash,Sticky,Yes,28,No,6,Progressive,43,Megaways,No,41.93,High,Romance,No,Yes
438,Lady Fruits 100 Easter,Expanding,No,12,No,7,Progressive,46,Megaways,Yes,2.11,Low,Romance,Yes,Yes
439,Book of Games,Sticky,No,24,Yes,9,Progressive,7,Cascading,No,20.98,Low,Animation,No,Yes
440,Koi Kingdom,Sticky,No,8,Yes,3,Progressive,47,Megaways,No,79.41,Low,Western,Yes,No
441,Gold Mermaid By Renata Gonzalez,Regular,No,11,No,3,Progressive,50,Megaways,Yes,70.73,High,Family,Yes,No
442,Kings of Chicago,Expanding,Yes,13,No,2,Progressive,35,Megaways,Yes,67.8,Low,Music,Yes,Yes
443,Ming Legend,Expanding,Yes,19,Yes,9,Progressive,29,Megaways,Yes,7.09,High,Action,Yes,No
444,Fortune Lion,Expanding,No,48,Yes,9,Progressive,8,Megaways,Yes,13.76,High,Animation,Yes,Yes
445,Lucky Stars: Scatter Reactors,Sticky,No,50,No,2,Progressive,27,Megaways,No,46.64,High,Western,No,Yes
446,Muerto En Mictlan,Regular,Yes,16,Yes,5,Progressive,13,Cascading,No,18.28,Low,Thriller,No,No
447,Three Kings,Sticky,No,23,Yes,2,Progressive,43,Cascading,No,65.34,Low,Sport,Yes,No
448,Sheriff Goldman,Sticky,No,26,No,10,Progressive,7,Megaways,No,25.68,Low,Sci-Fi,Yes,No
449,Perfect Fishing,Sticky,Yes,1,No,4,Progressive,8,Megaways,No,61.08,High,Documentary,Yes,Yes
450,Lord of the Ocean Magic,Regular,Yes,47,Yes,8,Progressive,19,Cascading,Yes,32.09,Low,Film Noir,Yes,No
451,Fruit Serenity,Regular,No,19,Yes,6,Progressive,31,Megaways,Yes,45.29,Low,Horror,No,Yes
452,Banana Rock,Sticky,No,33,No,8,Progressive,9,Cascading,Yes,51.24,High,Film Noir,Yes,No
453,Numbers Deluxe,Sticky,No,23,Yes,8,Progressive,5,Megaways,No,14.57,High,Biography,No,Yes
454,Fa Cai Shen,Regular,Yes,23,No,6,Progressive,47,Cascading,Yes,19.58,High,Romance,Yes,Yes
455,Under the Bed,Expanding,No,13,No,2,Progressive,47,Cascading,Yes,63.32,High,War,No,Yes
456,Vampeon 2,Expanding,No,38,No,2,Progressive,5,Cascading,No,84.64,High,Western,Yes,Yes
457,Candy Cart,Regular,No,14,Yes,5,Progressive,15,Megaways,Yes,12.56,High,Sport,Yes,Yes
458,Gimme Gold!,Sticky,Yes,45,Yes,4,Progressive,8,Cascading,No,81.62,Low,Fantasy,No,Yes
459,Gypsy Fire,Regular,No,50,No,9,Progressive,6,Cascading,No,54.01,Low,Comedy,No,No
460,Midnight Eclipse – 10L,Sticky,Yes,45,Yes,6,Progressive,29,Cascading,Yes,75.93,Low,Thriller,No,Yes
461,Book of Immortals,Sticky,Yes,1,No,9,Progressive,10,Cascading,Yes,98.56,High,Romance,No,No
462,Unicorn Legend,Expanding,No,20,No,9,Progressive,0,Megaways,No,19.19,High,Animation,No,Yes
463,Lumber Jack,Sticky,Yes,3,Yes,10,Progressive,36,Cascading,No,60.95,Low,Action,No,No
464,Overseas,Regular,Yes,33,No,9,Progressive,47,Cascading,Yes,63.36,High,Documentary,Yes,Yes
465,Wolf Howl,Sticky,No,12,Yes,9,Progressive,28,Cascading,Yes,57.91,Low,Animation,Yes,Yes
466,Cat Thief,Regular,No,32,No,6,Progressive,28,Cascading,Yes,35.23,High,Thriller,Yes,Yes
467,Diamond Blitz 40,Expanding,No,46,Yes,6,Progressive,3,Cascading,No,52.32,Low,History,No,No
468,Time Machine Creator,Regular,Yes,8,No,4,Progressive,4,Megaways,No,60.75,Low,Documentary,No,No
469,Dynasty Empire,Expanding,No,3,Yes,7,Progressive,23,Cascading,No,68.47,Low,Sport,No,No
470,Norse Queen,Regular,Yes,43,No,7,Progressive,8,Cascading,No,6.15,High,Film Noir,Yes,No
471,Caishen Riches,Expanding,Yes,3,Yes,3,Progressive,1,Megaways,No,22.2,High,Adventure,Yes,No
472,Mexico Dude,Expanding,No,11,No,7,Progressive,9,Cascading,Yes,3.47,Low,Music,Yes,No
473,Riddle of the Sphinx,Regular,Yes,17,Yes,5,Progressive,0,Megaways,Yes,12.96,Low,Documentary,No,Yes
474,Adamant Bang 20,Expanding,Yes,35,Yes,4,Progressive,38,Megaways,No,19.1,Low,Documentary,Yes,No
475,Fortune Cat,Expanding,No,50,Yes,3,Progressive,32,Megaways,No,60.64,High,History,No,No
476,Sugar Train,Sticky,No,27,No,5,Progressive,40,Cascading,Yes,37.06,Low,Adventure,Yes,No
477,Pirate's Booty,Sticky,Yes,7,No,10,Progressive,38,Megaways,No,13.34,Low,Animation,No,No
478,Lucky's Jackpot Tavern,Expanding,No,27,No,2,Progressive,1,Cascading,Yes,42.96,High,Western,Yes,Yes
479,Octagon Gem 2,Regular,No,14,No,6,Progressive,13,Megaways,No,27.65,Low,Film Noir,No,No
480,Lucky Clover 27,Expanding,Yes,35,Yes,4,Progressive,26,Cascading,No,98.29,High,Fantasy,Yes,Yes
481,The Bird House,Sticky,No,46,Yes,3,Progressive,12,Cascading,Yes,55.78,Low,Action,Yes,Yes
482,Cash N Riches Megaways,Regular,No,30,Yes,6,Progressive,38,Megaways,No,86.74,High,War,Yes,No
483,Mystical Bali,Sticky,No,18,No,10,Progressive,46,Cascading,Yes,91.26,Low,Animation,No,No
484,Jinfu Xingyun,Regular,Yes,26,Yes,10,Progressive,15,Cascading,Yes,64.46,Low,Romance,No,Yes
485,Hephaetus Cash Eruption,Sticky,No,22,No,6,Progressive,6,Megaways,Yes,4.54,High,Romance,No,No
486,Grand Gems,Sticky,Yes,0,No,7,Progressive,5,Cascading,Yes,71.35,High,Action,Yes,Yes
487,The Finer Reels of Life WOWPOT,Sticky,No,46,Yes,3,Progressive,16,Cascading,Yes,19.8,Low,Sci-Fi,Yes,Yes
488,Just Vegas,Regular,No,27,No,8,Progressive,35,Megaways,Yes,50.72,Low,Adventure,Yes,No
489,Little Master,Sticky,Yes,36,No,10,Progressive,36,Cascading,Yes,74.82,Low,Drama,Yes,No
490,Lucky Ladies,Sticky,No,14,Yes,10,Progressive,4,Megaways,Yes,41.19,Low,Animation,Yes,Yes
491,1 Reel Santa,Sticky,Yes,14,Yes,6,Progressive,23,Megaways,No,81.24,High,Thriller,Yes,Yes
492,Gator Gold GigaBlox,Sticky,No,30,Yes,3,Progressive,6,Megaways,No,42.57,Low,Sci-Fi,No,No
493,Ivanhoe,Sticky,No,33,Yes,5,Progressive,43,Cascading,No,18.85,High,Musical,No,Yes
494,Leokan,Sticky,No,39,No,4,Progressive,32,Cascading,No,32.75,Low,Music,Yes,Yes
495,Fuzzy Wuzzy,Sticky,Yes,29,No,9,Progressive,18,Cascading,No,60.48,High,Film Noir,No,No
496,Firedrake's Fortune,Sticky,Yes,11,Yes,10,Progressive,26,Megaways,Yes,52.74,Low,Mystery,No,Yes
497,Shark Blitz,Sticky,Yes,16,Yes,3,Progressive,37,Cascading,Yes,50.94,Low,War,No,Yes
498,Christmas Candy,Sticky,No,11,Yes,7,Progressive,30,Cascading,No,69.07,Low,Adventure,Yes,No
499,Sparkling 777's,Sticky,Yes,26,No,4,Progressive,41,Megaways,Yes,2.51,Low,Animation,No,Yes
500,Landy-Candy 100,Regular,No,38,Yes,10,Progressive,40,Cascading,No,92.78,High,Sport,No,No
501,5 Ember Wilds,Expanding,No,36,No,10,Progressive,32,Cascading,Yes,60.32,Low,Romance,No,No
502,Dead Riders Trail,Sticky,Yes,8,Yes,6,Progressive,5,Megaways,Yes,43.03,Low,Musical,Yes,No
503,Gold Bar 7s SAVP – progressive,Sticky,Yes,8,Yes,6,Progressive,32,Cascading,No,6.48,High,Documentary,Yes,No
504,Geisha's Fan,Sticky,No,15,Yes,5,Progressive,22,Megaways,No,78.0,Low,Thriller,Yes,Yes
505,Hot Roller,Regular,Yes,12,No,9,Progressive,50,Megaways,Yes,51.34,Low,Thriller,No,Yes
506,Smiling 1Linr,Sticky,No,15,Yes,6,Progressive,23,Cascading,No,32.62,High,Animation,Yes,No
507,Monkey Luck,Regular,Yes,14,Yes,3,Progressive,43,Megaways,Yes,75.03,High,Family,Yes,Yes
508,Stampede,Expanding,No,50,No,8,Progressive,23,Cascading,No,13.11,Low,Sport,No,No
509,Dam Rich,Sticky,Yes,33,Yes,6,Progressive,31,Megaways,Yes,22.0,High,Fantasy,Yes,Yes
510,Fortune Guardians,Sticky,Yes,43,No,10,Progressive,50,Cascading,No,1.83,High,Sci-Fi,No,Yes
511,Ultra Hot Mega Link India,Expanding,Yes,18,Yes,6,Progressive,37,Cascading,Yes,85.78,High,War,No,Yes
512,Pharaoh's Tale Dice,Expanding,Yes,9,Yes,6,Progressive,8,Megaways,No,85.55,Low,Romance,No,Yes
513,Majestic North,Sticky,Yes,12,No,4,Progressive,43,Cascading,No,62.68,High,Mystery,Yes,Yes
514,He He Yang,Sticky,Yes,6,No,10,Progressive,44,Cascading,Yes,95.82,Low,History,Yes,Yes
515,White Tiger,Expanding,No,10,Yes,3,Progressive,39,Cascading,No,42.61,High,Film Noir,Yes,No
516,Haunted House,Expanding,Yes,49,Yes,8,Progressive,17,Megaways,No,64.24,High,Sport,Yes,Yes
517,Sylvan Spirits,Expanding,No,14,No,9,Progressive,27,Megaways,No,5.61,High,War,Yes,Yes
518,Wild Girls,Regular,Yes,30,No,8,Progressive,4,Megaways,Yes,44.14,Low,Sci-Fi,No,Yes
519,Robo Factory,Regular,No,10,No,5,Progressive,42,Megaways,No,52.48,Low,Action,Yes,No
520,Totem Thunder,Sticky,No,4,No,9,Progressive,12,Megaways,Yes,93.4,Low,Western,No,No
521,King of Monkeys 2,Regular,No,25,Yes,4,Progressive,42,Cascading,Yes,54.55,Low,Sport,No,No
522,Cirque du Soleil Kooza,Sticky,No,12,Yes,9,Progressive,20,Megaways,No,63.62,High,Animation,No,No
523,Spectra,Regular,No,43,Yes,6,Progressive,36,Megaways,No,41.65,Low,Drama,Yes,Yes
524,Surf's Up,Expanding,Yes,29,No,3,Progressive,24,Cascading,Yes,28.35,High,Western,No,Yes
525,Golden Piggy Bank,Regular,Yes,14,No,9,Progressive,39,Megaways,Yes,34.12,High,Western,Yes,No
526,League Of Champions,Expanding,No,12,Yes,9,Progressive,50,Cascading,Yes,28.79,Low,Comedy,Yes,Yes
527,Beatriz Moniz Estaca Prateada,Sticky,No,3,Yes,10,Progressive,2,Cascading,Yes,28.94,High,Western,No,No
528,Story of Vikings - The Golden Era,Sticky,No,23,Yes,3,Progressive,48,Megaways,No,31.93,High,Fantasy,Yes,Yes
529,White Wizard,Sticky,Yes,30,Yes,3,Progressive,4,Cascading,No,86.37,High,Horror,Yes,Yes
530,Phantasmic Fortunes,Expanding,Yes,35,No,10,Progressive,44,Megaways,Yes,67.59,High,Film Noir,Yes,No
531,Diamond Fortune,Regular,No,28,No,5,Progressive,36,Megaways,Yes,91.7,Low,Sport,Yes,No
532,Rise of Atlantis,Regular,No,19,No,5,Progressive,17,Cascading,No,7.53,High,Crime,No,No
533,Chicken Little,Regular,Yes,42,Yes,6,Progressive,1,Megaways,Yes,91.33,High,Film Noir,No,Yes
534,Ganesha Shine,Sticky,No,2,No,3,Progressive,31,Cascading,No,70.24,Low,Fantasy,Yes,No
535,Lucky Easter,Expanding,No,45,No,2,Progressive,40,Cascading,Yes,59.3,Low,Documentary,Yes,No
536,Rosas Fiesta,Regular,No,7,Yes,5,Progressive,3,Cascading,No,60.36,High,Biography,No,Yes
537,Mad Road,Expanding,Yes,43,Yes,8,Progressive,35,Cascading,No,61.63,Low,War,No,Yes
538,Fu Dragon,Regular,Yes,35,Yes,7,Progressive,27,Megaways,No,31.39,High,History,Yes,No
539,Shocking Fruits,Regular,No,36,Yes,2,Progressive,41,Megaways,Yes,18.48,High,Horror,Yes,Yes
540,Dragon Palace,Sticky,No,8,Yes,6,Progressive,6,Cascading,No,83.48,High,Action,No,Yes
541,Midas Coins,Regular,No,9,Yes,3,Progressive,42,Megaways,No,30.41,High,Sci-Fi,No,No
542,Asian Diamonds,Sticky,No,2,Yes,9,Progressive,46,Megaways,Yes,75.95,Low,Romance,Yes,No
543,The Ghouls,Sticky,Yes,1,Yes,3,Progressive,26,Cascading,No,2.0,High,Romance,Yes,Yes
544,Fruits 20 Bonus Spin,Sticky,Yes,23,Yes,4,Progressive,43,Megaways,No,98.79,High,Mystery,Yes,Yes
545,Charlie Chance and the Curse of Cleopatra,Expanding,Yes,38,Yes,2,Progressive,1,Cascading,No,97.57,Low,Biography,No,No
546,Fruits Deluxe Christmas Edition,Regular,Yes,50,Yes,3,Progressive,29,Megaways,Yes,43.68,Low,Sci-Fi,No,No
547,Book of Jam,Expanding,No,10,No,4,Progressive,41,Cascading,No,51.09,High,Action,Yes,Yes
548,Story of Medusa II,Sticky,Yes,22,Yes,9,Progressive,29,Megaways,Yes,43.18,Low,Film Noir,Yes,No
549,Amazing Link Zeus,Expanding,Yes,36,No,8,Progressive,23,Megaways,No,28.41,Low,Western,Yes,Yes
550,Nitro Madness,Expanding,No,37,No,2,Progressive,28,Cascading,No,15.3,Low,Musical,No,Yes
551,Captain Venture - Treasures of the Sea,Sticky,No,14,Yes,3,Progressive,26,Megaways,Yes,11.4,High,Sci-Fi,No,No
552,Venezsia,Expanding,No,34,No,9,Progressive,39,Cascading,No,23.71,High,Western,No,No
553,Pin Up Diner,Sticky,Yes,8,Yes,7,Progressive,1,Megaways,No,43.46,Low,Crime,No,No
554,Take 5 - Golden Nights Bonus,Expanding,Yes,25,Yes,9,Progressive,45,Megaways,Yes,14.17,Low,Thriller,No,Yes
555,Jackpotz,Sticky,No,11,Yes,3,Progressive,24,Megaways,Yes,49.08,Low,Sport,Yes,Yes
556,Siren's Spell,Regular,Yes,26,Yes,3,Progressive,2,Cascading,Yes,38.59,Low,Music,Yes,Yes
557,Multi Mine,Sticky,Yes,25,No,8,Progressive,35,Megaways,Yes,74.28,Low,Family,Yes,No
558,Tiger Turtle Dragon Phoenix,Expanding,No,5,Yes,8,Progressive,40,Megaways,Yes,6.25,Low,Sci-Fi,No,No
559,Bounding Luck,Regular,Yes,25,Yes,7,Progressive,48,Cascading,Yes,91.9,High,Horror,No,Yes
560,Burning Slots Cash Mesh,Sticky,No,14,No,5,Progressive,35,Megaways,Yes,21.4,Low,Action,No,Yes
561,Hillbillies,Regular,No,35,No,4,Progressive,49,Megaways,No,79.94,Low,Adventure,No,Yes
562,Age of Ice Dragons,Expanding,Yes,39,No,7,Progressive,45,Megaways,No,21.21,High,Drama,Yes,Yes
563,Shadow of the Panther AVP,Expanding,Yes,49,Yes,4,Progressive,24,Megaways,No,45.92,Low,Comedy,Yes,No
564,Gods of Luxor,Regular,No,33,No,10,Progressive,15,Cascading,Yes,97.19,High,Comedy,No,No
565,Frog Grog,Expanding,Yes,33,No,10,Progressive,2,Megaways,No,63.52,High,Thriller,Yes,Yes
566,Rockin Fruits,Regular,Yes,20,No,3,Progressive,49,Megaways,No,12.66,Low,Mystery,Yes,No
567,Kanga Cash Extra,Regular,Yes,38,No,8,Progressive,32,Megaways,Yes,54.27,High,Animation,No,No
568,Kingdoms Rise: Legion Uprising,Expanding,Yes,37,No,3,Progressive,47,Megaways,Yes,16.28,Low,Fantasy,No,No
569,Tucanito,Sticky,No,45,No,2,Progressive,37,Cascading,No,57.31,Low,Comedy,No,Yes
570,Knights of Glory,Expanding,Yes,3,No,6,Progressive,0,Megaways,Yes,25.34,Low,Adventure,No,No
571,Retro Wheels,Sticky,Yes,19,Yes,4,Progressive,26,Cascading,Yes,98.73,High,Fantasy,Yes,Yes
572,Hot Zone Wild,Regular,Yes,31,Yes,7,Progressive,5,Cascading,Yes,92.06,Low,Musical,Yes,Yes
573,Wolf Call,Expanding,No,15,No,2,Progressive,33,Cascading,Yes,30.42,Low,War,No,No
574,Don't Hit PLZ,Sticky,Yes,48,No,4,Progressive,50,Cascading,Yes,46.86,Low,Western,Yes,No
575,Bow Wow,Regular,No,30,Yes,6,Progressive,47,Cascading,No,39.86,Low,Romance,No,No
576,Glam Night,Sticky,Yes,30,Yes,7,Progressive,20,Cascading,Yes,76.75,Low,Biography,Yes,Yes
577,Pyro Pixie,Regular,Yes,46,Yes,8,Progressive,22,Megaways,Yes,11.31,High,Documentary,Yes,No
578,Ruyis Royal Love in the Palace,Sticky,No,37,No,7,Progressive,28,Megaways,No,51.13,High,Drama,No,Yes
579,Selfie,Sticky,No,13,No,6,Progressive,50,Megaways,No,63.53,Low,Biography,Yes,No
580,Fortune 88,Expanding,No,4,Yes,9,Progressive,36,Megaways,No,84.08,High,Action,No,Yes
581,Mistress of Pyramid,Sticky,Yes,24,No,7,Progressive,46,Megaways,No,39.7,Low,Sci-Fi,Yes,Yes
582,7th Sense,Regular,No,10,Yes,2,Progressive,12,Cascading,No,55.33,High,Musical,Yes,Yes
583,Great Blue,Sticky,No,26,No,10,Progressive,35,Cascading,Yes,85.83,High,Adventure,Yes,No
584,Quick Hit Black Gold Free Games Fever,Expanding,Yes,33,No,8,Progressive,0,Megaways,No,76.57,High,History,No,No
585,Rise to Power,Sticky,No,0,No,9,Progressive,45,Megaways,No,10.28,Low,Adventure,Yes,No
586,Sea Of Pearls,Expanding,No,30,No,5,Progressive,11,Cascading,Yes,8.72,Low,Documentary,No,No
587,Hot Patrick,Regular,No,37,No,10,Progressive,9,Cascading,No,16.97,High,Biography,No,Yes
588,Xcalibur,Expanding,No,37,No,8,Progressive,23,Cascading,Yes,64.97,Low,Musical,Yes,Yes
589,Monster Sushi,Expanding,No,48,No,9,Progressive,19,Cascading,No,58.78,Low,Sport,Yes,Yes
590,Bar-X XL,Sticky,No,28,No,8,Progressive,15,Megaways,No,39.14,High,Thriller,No,Yes
591,Tai Chi Panda,Regular,Yes,18,Yes,9,Progressive,21,Cascading,Yes,48.13,High,Musical,Yes,No
592,Club,Expanding,No,24,Yes,4,Progressive,13,Megaways,No,85.25,High,Film Noir,No,Yes
593,Nordic Fire,Sticky,Yes,20,Yes,8,Progressive,44,Megaways,Yes,82.2,High,Action,No,Yes
594,Irish Thunder,Sticky,Yes,46,Yes,2,Progressive,16,Cascading,No,30.82,High,Action,Yes,Yes
595,Lions Hoard,Regular,Yes,19,Yes,3,Progressive,36,Cascading,No,4.3,High,Comedy,No,Yes
596,Orc,Sticky,No,46,Yes,8,Progressive,26,Megaways,No,58.12,Low,Family,No,No
597,Rage,Sticky,Yes,20,Yes,3,Progressive,5,Megaways,No,30.04,High,Sci-Fi,No,Yes
598,12 Super Hot Diamonds,Regular,No,45,No,2,Progressive,16,Cascading,No,19.19,Low,Sci-Fi,Yes,Yes
599,Fairie Nights,Expanding,Yes,7,Yes,2,Progressive,11,Megaways,Yes,12.22,Low,Music,Yes,Yes
600,Western Gold,Expanding,Yes,6,No,8,Progressive,43,Megaways,Yes,79.16,Low,Adventure,No,Yes
601,Arctic Enchantress,Sticky,No,17,Yes,3,Progressive,27,Cascading,No,2.43,Low,Animation,Yes,No
602,La Dolce Vita,Regular,Yes,39,No,7,Progressive,18,Cascading,No,62.9,Low,Music,Yes,No
603,Big Max Super Pearls,Regular,No,44,Yes,9,Progressive,1,Cascading,No,27.09,Low,Action,Yes,Yes
604,King of the Trident Deluxe,Regular,No,48,No,7,Progressive,25,Cascading,No,98.51,Low,Biography,Yes,Yes
605,Reel Bar,Sticky,Yes,29,No,2,Progressive,35,Megaways,No,11.67,High,War,No,Yes
606,Hit It Big,Sticky,Yes,15,No,6,Progressive,0,Cascading,No,14.41,Low,Sci-Fi,No,No
607,Golden Amulet,Sticky,No,30,No,3,Progressive,30,Megaways,Yes,88.42,Low,Family,No,No
608,A Christmas Carol,Regular,No,41,Yes,6,Progressive,47,Cascading,No,11.55,Low,Sport,Yes,No
609,Fruit Dealers,Expanding,Yes,10,No,10,Progressive,27,Cascading,No,76.89,Low,Mystery,Yes,Yes
610,Detective Dee2,Sticky,No,11,Yes,6,Progressive,25,Megaways,Yes,22.24,Low,Fantasy,No,No
611,Silver Hauberk,Expanding,Yes,27,Yes,7,Progressive,37,Cascading,Yes,13.8,Low,Biography,No,No
612,Diamond Dare Bucks,Regular,Yes,38,Yes,5,Progressive,22,Megaways,No,5.23,Low,Sport,Yes,Yes
613,Mars Attacks,Sticky,Yes,25,No,7,Progressive,12,Megaways,No,74.07,High,Documentary,No,Yes
614,Wheel of Fortune Triple Red Hot 7s Progressive,Regular,No,38,No,3,Progressive,11,Megaways,No,84.31,Low,Film Noir,Yes,No
615,Road 2 Riches,Expanding,Yes,34,Yes,6,Progressive,47,Megaways,Yes,17.78,Low,Music,No,No
616,Siberian Winter,Regular,No,36,Yes,4,Progressive,16,Cascading,Yes,52.33,Low,Sport,Yes,No
617,Treasure Mania,Sticky,Yes,25,No,2,Progressive,29,Megaways,No,84.93,Low,Drama,Yes,No
618,Penny Fruits Easter Edition,Expanding,No,50,Yes,5,Progressive,37,Megaways,Yes,69.69,Low,Horror,No,No
619,Flaming Fox,Sticky,No,21,Yes,6,Progressive,8,Cascading,Yes,96.11,High,Crime,No,Yes
620,5 Pots O'Riches,Regular,No,24,Yes,5,Progressive,10,Cascading,Yes,39.17,Low,Sport,No,Yes
621,Cutie Cat - Crazy Chicken Shooter,Regular,Yes,2,No,7,Progressive,46,Cascading,Yes,27.78,Low,Biography,No,No
622,Prosperity Link Cai Yun Heng Tong prog,Expanding,Yes,1,Yes,7,Progressive,28,Megaways,Yes,61.04,High,Documentary,Yes,No
623,Juicebox,Regular,Yes,28,Yes,2,Progressive,37,Cascading,Yes,15.91,Low,Family,Yes,No
624,Goddes of Lotus,Regular,Yes,34,No,8,Progressive,39,Megaways,Yes,22.8,Low,Musical,No,Yes
625,Awesome 5,Sticky,Yes,46,No,6,Progressive,3,Cascading,No,25.24,High,Adventure,Yes,Yes
626,Moon Bitten,Expanding,No,19,Yes,4,Progressive,32,Megaways,No,40.26,High,Documentary,No,No
627,Four Guardians,Sticky,Yes,43,No,9,Progressive,29,Megaways,No,43.4,Low,Comedy,Yes,No
628,Gods of Death,Sticky,No,28,Yes,7,Progressive,16,Cascading,Yes,37.29,Low,History,No,Yes
629,Diamond Safari,Regular,Yes,41,Yes,6,Progressive,4,Megaways,Yes,55.42,High,History,Yes,No
630,Neon Fruits,Sticky,Yes,37,No,7,Progressive,46,Megaways,No,8.13,Low,Musical,Yes,No
631,Fruit Star,Regular,No,24,Yes,10,Progressive,39,Cascading,Yes,95.34,High,Western,No,No
632,Xian Xia,Sticky,Yes,40,Yes,3,Progressive,8,Cascading,No,59.31,Low,Action,Yes,Yes
633,Andvari: The Magic Ring,Expanding,Yes,26,Yes,7,Progressive,3,Megaways,No,51.28,High,Adventure,Yes,Yes
634,Sheerluck,Sticky,No,12,No,6,Progressive,46,Cascading,No,54.74,Low,Musical,No,Yes
635,Arhateos,Sticky,Yes,19,No,10,Progressive,17,Cascading,No,52.03,Low,Western,Yes,No
636,Zombie Slot Deluxe,Sticky,No,42,Yes,10,Progressive,26,Megaways,No,44.71,High,Drama,Yes,No
637,Guan Yun Chang,Sticky,No,15,No,8,Progressive,14,Megaways,Yes,80.48,Low,Film Noir,Yes,No
638,Shadow Diamond: Noir,Sticky,No,48,Yes,10,Progressive,6,Cascading,Yes,88.36,High,Sport,Yes,No
639,Touch Down,Regular,Yes,29,Yes,10,Progressive,16,Cascading,Yes,75.97,Low,Musical,No,No
640,Teutoburg,Expanding,Yes,3,No,9,Progressive,4,Megaways,Yes,73.94,High,Horror,No,Yes
641,White Lion,Sticky,Yes,37,No,6,Progressive,46,Megaways,Yes,93.7,Low,Comedy,No,No
642,Lucky Blue,Expanding,Yes,43,No,4,Progressive,9,Megaways,Yes,20.03,Low,Fantasy,No,No
643,Maximus Payus,Regular,No,3,Yes,5,Progressive,11,Cascading,No,84.81,High,Horror,No,Yes
644,Rockabillions,Sticky,No,46,No,3,Progressive,12,Megaways,Yes,92.8,High,Fantasy,Yes,No
645,Diamond Wind: Hold & Win,Expanding,Yes,7,No,4,Progressive,42,Megaways,No,17.06,Low,Family,No,No
646,Vegas Wilds,Regular,No,2,No,3,Progressive,1,Cascading,Yes,70.65,High,Comedy,No,Yes
647,Temple Quest Spinifity,Sticky,Yes,40,No,9,Progressive,1,Cascading,Yes,1.19,High,Documentary,Yes,No
648,Witches Cash Collect,Sticky,Yes,7,Yes,7,Progressive,42,Cascading,Yes,30.62,High,Sport,Yes,Yes
649,Story of Hercules - 15 Lines,Regular,Yes,22,Yes,3,Progressive,8,Cascading,Yes,98.39,High,Thriller,Yes,Yes
650,Super 7 Stars,Sticky,Yes,1,No,9,Progressive,29,Megaways,Yes,82.93,Low,Romance,No,Yes
651,Afroditi,Expanding,Yes,18,No,2,Progressive,25,Cascading,No,9.19,Low,Sport,Yes,Yes
652,The Elf Wars,Expanding,No,23,Yes,9,Progressive,29,Cascading,Yes,58.72,High,Musical,Yes,Yes
653,Ishtar,Regular,No,24,Yes,2,Progressive,30,Megaways,No,26.41,Low,Adventure,No,No
654,Alaskan Fishing,Expanding,No,10,No,4,Progressive,10,Megaways,Yes,9.81,High,Adventure,Yes,No
655,Hearts Highway,Sticky,No,12,No,4,Progressive,38,Megaways,Yes,35.2,High,Romance,No,Yes
656,Ocean Oddities,Regular,No,14,No,9,Progressive,27,Megaways,Yes,9.51,High,Sport,Yes,No
657,China Voyage,Regular,Yes,12,No,8,Progressive,24,Cascading,No,46.91,Low,Adventure,No,No
658,Dragon's Bonanza,Expanding,No,29,Yes,6,Progressive,45,Megaways,Yes,44.43,High,Animation,Yes,Yes
659,Take 5 - Red Hot Firepot,Regular,Yes,16,No,8,Progressive,41,Cascading,Yes,62.07,High,Adventure,No,No
660,Creatures of Atlantis,Regular,Yes,23,Yes,10,Progressive,20,Megaways,No,78.86,Low,Action,No,No
661,Jungle Fun,Regular,No,42,No,5,Progressive,34,Cascading,No,44.01,High,War,No,No
662,The Matrix,Regular,No,10,Yes,8,Progressive,50,Megaways,No,1.03,Low,Documentary,Yes,Yes
663,Hot Diamonds 40 Dice,Regular,Yes,2,No,3,Progressive,50,Megaways,Yes,45.16,Low,Adventure,No,Yes
664,Reel Spooky King Megaways,Regular,No,1,No,4,Progressive,30,Cascading,No,40.03,Low,Western,Yes,Yes
665,Mars Invasion,Regular,Yes,39,No,3,Progressive,16,Megaways,Yes,60.15,High,History,No,No
666,Tree of Gold,Sticky,No,1,Yes,10,Progressive,44,Cascading,No,66.69,Low,Musical,No,Yes
667,Trojan Talisman,Sticky,Yes,23,Yes,7,Progressive,40,Megaways,No,53.62,Low,Biography,Yes,Yes
668,Spanish Eyes,Regular,Yes,39,No,6,Progressive,25,Megaways,No,6.19,Low,Family,No,Yes
669,Fun Fruit,Expanding,Yes,12,Yes,8,Progressive,36,Cascading,No,67.55,Low,Documentary,Yes,No
670,Joker Loko's Multiplier Trail,Expanding,No,48,Yes,9,Progressive,6,Cascading,Yes,90.87,Low,Comedy,Yes,No
671,Silver Seas,Expanding,Yes,14,No,4,Progressive,28,Cascading,No,68.42,High,Crime,Yes,No
672,Emperors Wealth,Sticky,No,14,Yes,3,Progressive,37,Cascading,No,22.4,High,Sport,Yes,No
673,Carnaval do Rio,Expanding,No,19,Yes,9,Progressive,3,Cascading,Yes,40.15,High,Horror,No,Yes
674,Magic Wheel 4 Player,Sticky,Yes,27,No,5,Progressive,10,Cascading,No,74.29,Low,Horror,No,No
675,Captain Bloodgold,Expanding,No,37,Yes,4,Progressive,22,Cascading,No,32.52,Low,Horror,No,No
676,Beers on Reels,Expanding,No,21,No,4,Progressive,14,Megaways,Yes,80.85,High,Crime,Yes,No
677,Miss Red AVP,Regular,Yes,0,No,8,Progressive,50,Cascading,No,13.07,High,Biography,Yes,Yes
678,Richy Hog,Sticky,Yes,26,No,4,Progressive,9,Megaways,Yes,3.96,Low,Biography,No,No
679,The Creeps,Expanding,No,24,Yes,8,Progressive,33,Megaways,No,77.72,High,Musical,No,Yes
680,Rio Nights,Sticky,Yes,49,No,5,Progressive,40,Cascading,Yes,55.93,Low,Animation,Yes,Yes
681,Eastern Emeralds,Sticky,No,15,Yes,6,Progressive,32,Megaways,Yes,43.68,High,Mystery,Yes,No
682,Rumble Rhino Megaways,Regular,No,7,Yes,6,Progressive,36,Megaways,No,80.56,High,Sci-Fi,No,Yes
683,Football Champion,Sticky,Yes,25,Yes,5,Progressive,12,Cascading,Yes,84.48,Low,Action,No,No
684,Route 777,Sticky,No,26,Yes,3,Progressive,4,Megaways,No,10.44,Low,Music,No,No
685,Jellypop Humming,Expanding,Yes,39,Yes,8,Progressive,2,Cascading,Yes,57.48,Low,Film Noir,Yes,Yes
686,Fancy Fruits - Respins of Amun-Re,Sticky,No,32,Yes,6,Progressive,47,Cascading,No,58.55,High,Comedy,No,No
687,Money Come In,Regular,No,47,Yes,4,Progressive,17,Megaways,No,56.74,Low,Adventure,Yes,Yes
688,Pearls Fortune,Expanding,Yes,11,Yes,10,Progressive,19,Megaways,No,60.71,High,Animation,No,Yes
689,EuroZoone Deluxe,Expanding,Yes,11,No,5,Progressive,18,Cascading,No,68.79,Low,Crime,No,Yes
690,Dangerous Billy,Regular,Yes,13,No,7,Progressive,1,Megaways,Yes,81.16,Low,War,Yes,No
691,Golden Age Multireels,Regular,No,20,No,6,Progressive,48,Cascading,No,29.13,High,Comedy,No,No
692,Wolf Run AVP,Expanding,No,45,Yes,2,Progressive,44,Cascading,Yes,61.81,Low,Animation,No,No
693,Electron,Regular,Yes,18,No,9,Progressive,8,Megaways,No,91.76,High,Mystery,No,Yes
694,Wonder of Ages,Sticky,Yes,19,No,3,Progressive,37,Cascading,No,43.14,Low,Mystery,No,No
695,Booty Bay,Regular,Yes,12,No,7,Progressive,12,Cascading,No,82.96,High,Mystery,No,Yes
696,Lucky Bank Robbers,Regular,Yes,42,No,7,Progressive,3,Megaways,No,58.74,High,Thriller,Yes,Yes
697,Napoleon and Josephine,Regular,Yes,49,No,6,Progressive,16,Megaways,Yes,62.83,High,Sci-Fi,No,Yes
698,40 Sevens,Regular,Yes,12,No,8,Progressive,8,Cascading,No,36.72,High,Sci-Fi,Yes,No
699,Horoscope,Expanding,No,15,No,8,Progressive,35,Megaways,No,2.72,High,Film Noir,Yes,Yes
700,Magic Signs,Regular,Yes,15,Yes,6,Progressive,14,Megaways,Yes,68.58,High,Sci-Fi,Yes,Yes
701,Doctor Love,Regular,No,2,No,2,Progressive,43,Megaways,Yes,34.41,Low,Horror,Yes,No
702,Nitropolis,Regular,No,0,Yes,5,Progressive,3,Cascading,Yes,34.71,High,Documentary,No,Yes
703,Atlantean Treasures Mega Moolah,Regular,No,25,No,6,Progressive,40,Cascading,Yes,42.06,Low,Drama,Yes,No
704,Rainbow Pop Deluxe,Regular,No,10,No,5,Progressive,14,Cascading,No,36.03,High,Biography,No,No
705,Sanctuary,Expanding,No,38,Yes,5,Progressive,23,Megaways,No,59.75,High,Documentary,No,No
706,Mild Rockers,Regular,Yes,33,Yes,10,Progressive,46,Megaways,No,91.72,Low,Biography,No,Yes
707,Action Boost Amber Island,Expanding,No,35,No,6,Progressive,30,Cascading,No,98.06,High,Crime,No,Yes
708,Fire Blaze: River Empress,Expanding,No,13,No,10,Progressive,42,Megaways,No,34.33,High,Fantasy,No,Yes
709,Agent Jane Blonde Returns,Expanding,Yes,22,No,2,Progressive,7,Cascading,No,22.74,High,Drama,Yes,No
710,Bull Stampede,Sticky,Yes,32,Yes,2,Progressive,26,Cascading,No,15.14,Low,Comedy,Yes,Yes
711,Lotus Warrior,Sticky,No,43,No,6,Progressive,1,Megaways,Yes,18.4,Low,Horror,Yes,Yes
712,Night of the Wolf AVP,Expanding,Yes,46,No,8,Progressive,13,Megaways,No,78.26,High,Musical,No,Yes
713,Street Runners - The burnout,Sticky,No,49,Yes,9,Progressive,44,Megaways,No,1.22,High,Horror,Yes,No
714,The Great Voyages,Expanding,Yes,35,Yes,3,Progressive,27,Cascading,Yes,56.5,Low,Animation,Yes,Yes
715,Burning Phoenix,Expanding,No,42,No,8,Progressive,34,Cascading,No,12.67,Low,Horror,Yes,Yes
716,Super 7 Deluxe,Sticky,Yes,25,No,7,Progressive,15,Cascading,Yes,44.35,High,Music,No,Yes
717,Dice Bonanza,Sticky,Yes,3,No,8,Progressive,9,Cascading,Yes,82.53,High,Drama,No,Yes
718,Wu Long,Expanding,Yes,12,No,6,Progressive,35,Megaways,Yes,82.81,Low,Crime,Yes,Yes
719,Manolo El Del Bombo,Regular,Yes,30,Yes,4,Progressive,47,Megaways,No,31.82,High,Action,No,No
720,Beauty & the Beast,Expanding,No,43,No,9,Progressive,33,Cascading,No,92.67,High,Thriller,Yes,No
721,Multi Moon Arcade,Regular,Yes,31,No,10,Progressive,5,Cascading,No,54.84,Low,Music,No,No
722,King Winalot,Expanding,Yes,14,Yes,7,Progressive,50,Cascading,Yes,85.39,High,Mystery,No,Yes
723,Tomb of Dead Power 4 Slots,Expanding,No,45,Yes,8,Progressive,44,Megaways,No,55.93,High,Family,No,No
724,Slot Jam,Sticky,No,32,Yes,3,Progressive,9,Megaways,Yes,56.55,High,History,No,No
725,Book of Mummy,Expanding,Yes,49,No,6,Progressive,7,Megaways,No,43.56,Low,Horror,Yes,Yes
726,Crypto Fortune,Regular,Yes,6,Yes,10,Progressive,40,Cascading,No,28.81,High,Documentary,No,Yes
727,Animal Carnival,Expanding,No,49,Yes,6,Progressive,37,Cascading,Yes,26.63,Low,Adventure,No,Yes
728,9 Burning Stars,Regular,No,7,Yes,9,Progressive,1,Megaways,No,42.86,Low,War,Yes,Yes
729,Super Money World,Sticky,Yes,27,No,3,Progressive,49,Cascading,Yes,32.3,High,Action,Yes,Yes
730,Crazy Chameleons,Expanding,No,1,Yes,3,Progressive,20,Cascading,Yes,43.68,Low,Western,Yes,Yes
731,Buffalo Spirit,Expanding,No,17,Yes,7,Progressive,50,Megaways,Yes,77.31,High,Drama,No,Yes
732,L’il Lady AVP,Sticky,Yes,26,Yes,9,Progressive,11,Cascading,Yes,23.81,High,Fantasy,Yes,No
733,Book of Mad Money,Expanding,Yes,40,Yes,6,Progressive,22,Cascading,Yes,38.08,High,Drama,No,No
734,Legend of Athena,Sticky,No,32,No,10,Progressive,1,Cascading,No,28.96,Low,Music,Yes,Yes
735,Little Monk,Expanding,Yes,41,No,8,Progressive,37,Megaways,No,81.22,Low,Sci-Fi,No,Yes
736,Wolf Wild,Expanding,No,50,No,7,Progressive,20,Megaways,No,64.24,High,Fantasy,Yes,Yes
737,88 Lucky Fortunes,Expanding,Yes,7,No,4,Progressive,15,Cascading,No,63.73,Low,Fantasy,No,Yes
738,Pharaoh’s Reign,Sticky,Yes,27,No,7,Progressive,5,Cascading,No,22.12,High,Music,No,No
739,Nugget Hunters,Sticky,No,16,No,8,Progressive,15,Megaways,No,1.6,Low,Romance,No,No
740,Liquid Gold,Regular,No,19,Yes,3,Progressive,7,Cascading,No,49.52,High,Crime,No,Yes
741,Lucky Adam,Sticky,Yes,23,Yes,6,Progressive,14,Cascading,No,95.08,Low,Musical,No,No
742,Jurassic Giants,Expanding,Yes,16,Yes,10,Progressive,37,Megaways,No,94.31,Low,Documentary,No,No
743,Viking Wilds,Regular,No,50,No,7,Progressive,47,Cascading,No,28.04,Low,Musical,No,No
744,Aloha Spirit Xtra Spirit,Expanding,No,39,Yes,6,Progressive,20,Cascading,No,52.96,High,Western,No,No
745,Wicked Heart,Expanding,Yes,21,No,7,Progressive,18,Cascading,Yes,39.0,High,Crime,Yes,Yes
746,Riches with Daikoku,Expanding,Yes,6,Yes,2,Progressive,46,Cascading,No,63.53,Low,Animation,Yes,No
747,Ghost Ship,Sticky,No,29,Yes,2,Progressive,6,Megaways,No,10.31,High,Horror,No,No
748,deadmau5,Expanding,Yes,29,No,10,Progressive,11,Cascading,Yes,38.32,High,Romance,Yes,No
749,Barnstormer Bucks,Expanding,Yes,2,No,7,Progressive,39,Cascading,Yes,96.31,High,Comedy,No,Yes
750,Archibald Mayan Ruins,Regular,No,48,Yes,6,Progressive,47,Cascading,No,15.93,High,Animation,Yes,Yes
751,Birds Nest,Sticky,Yes,20,No,6,Progressive,42,Megaways,Yes,48.69,High,Thriller,Yes,No
752,Highlands,Regular,Yes,29,Yes,10,Progressive,26,Megaways,No,24.33,High,Adventure,Yes,Yes
753,Cleopatras Pearls,Regular,Yes,2,Yes,9,Progressive,7,Cascading,Yes,71.64,High,Musical,Yes,Yes
754,Man in Mask,Sticky,Yes,12,No,9,Progressive,18,Megaways,Yes,21.41,Low,Film Noir,No,Yes
755,Thunder Cash - Fruity Fruity,Sticky,Yes,0,No,4,Progressive,44,Megaways,Yes,78.23,Low,Sport,Yes,No
756,Gong Cash Dragon,Expanding,Yes,32,Yes,5,Progressive,39,Megaways,No,37.36,Low,Family,No,Yes
757,Halloween Witch Party,Regular,No,5,Yes,4,Progressive,3,Cascading,No,92.82,Low,Horror,Yes,Yes
758,Hollywood Film,Expanding,No,17,Yes,8,Progressive,21,Megaways,Yes,36.79,Low,Western,Yes,Yes
759,Little Big Garden,Regular,Yes,40,No,9,Progressive,50,Cascading,Yes,30.88,Low,Sci-Fi,No,No
760,Magic Bean Legend,Regular,No,49,Yes,4,Progressive,17,Megaways,Yes,95.66,High,History,No,Yes
761,Menu Mania,Sticky,No,18,Yes,7,Progressive,6,Cascading,Yes,59.57,High,Sci-Fi,No,Yes
762,Boxo,Regular,Yes,8,No,3,Progressive,42,Cascading,No,49.26,High,Sci-Fi,No,No
763,Perfect Peacock Coin Combo,Sticky,No,15,Yes,5,Progressive,40,Megaways,Yes,36.86,High,Film Noir,No,No
764,Derby Dollars,Regular,No,14,No,9,Progressive,48,Megaways,Yes,42.63,Low,Animation,Yes,No
765,Ocean Hunter,Regular,No,35,No,3,Progressive,43,Megaways,Yes,58.73,High,Comedy,No,No
766,Mermaid Seas,Expanding,Yes,42,No,10,Progressive,3,Cascading,No,62.04,Low,Documentary,No,Yes
767,Lion the Lord,Sticky,Yes,0,Yes,7,Progressive,9,Megaways,Yes,36.24,Low,Action,Yes,Yes
768,AllStar 7s Hold and Win,Expanding,No,16,No,2,Progressive,19,Megaways,No,75.52,High,Drama,No,No
769,Roll & Ride,Sticky,Yes,7,No,4,Progressive,14,Cascading,No,89.03,High,Documentary,Yes,Yes
770,Patrick's Riches,Expanding,Yes,12,Yes,7,Progressive,18,Cascading,Yes,48.78,Low,Sci-Fi,Yes,No
771,Sheik Yer Money,Sticky,No,12,Yes,7,Progressive,3,Megaways,No,12.06,High,Romance,Yes,No
772,Aquatic Treasures,Expanding,Yes,50,Yes,4,Progressive,8,Cascading,Yes,7.5,Low,Crime,Yes,Yes
773,Orient Express,Sticky,Yes,22,Yes,5,Progressive,29,Megaways,No,59.49,Low,Biography,Yes,No
774,Fury of Hyde Megaways,Regular,Yes,46,Yes,6,Progressive,6,Cascading,No,71.41,High,Animation,No,No
775,Gem Stones,Regular,No,24,No,6,Progressive,7,Megaways,No,56.4,High,Family,Yes,No
776,Lady Helsing,Regular,Yes,24,No,9,Progressive,18,Megaways,No,27.63,High,Fantasy,Yes,No
777,OktoBeerFest,Regular,No,37,No,7,Progressive,11,Cascading,No,27.49,Low,Family,No,Yes
778,Diamond Luck 243,Sticky,Yes,24,No,5,Progressive,21,Megaways,Yes,3.62,Low,Sport,No,Yes
779,Miss Kitty,Sticky,Yes,13,Yes,10,Progressive,43,Megaways,Yes,38.66,Low,Drama,Yes,Yes
780,Jackaroo Jack,Sticky,Yes,5,Yes,5,Progressive,19,Cascading,Yes,95.69,High,Adventure,Yes,Yes
781,Arthur's Quest,Sticky,No,12,Yes,10,Progressive,32,Cascading,Yes,16.36,Low,Mystery,No,Yes
782,Gold of Mermaid,Sticky,Yes,26,Yes,10,Progressive,49,Megaways,No,59.83,Low,Action,Yes,No
783,LuckyLucky,Expanding,No,36,Yes,2,Progressive,21,Cascading,No,10.11,High,Musical,No,No
784,El Cartel,Expanding,No,44,Yes,7,Progressive,27,Cascading,No,34.01,Low,Mystery,No,No
785,Book of Pharaon,Expanding,Yes,48,Yes,10,Progressive,0,Cascading,Yes,13.96,High,Documentary,Yes,No
786,Mega Lucky 81x,Sticky,No,48,Yes,7,Progressive,7,Cascading,No,67.23,High,Family,No,No
787,Wacky Wedding,Expanding,No,22,No,8,Progressive,24,Cascading,Yes,62.02,High,Mystery,No,Yes
788,Wonderland,Expanding,No,2,No,7,Progressive,0,Megaways,Yes,7.15,High,Horror,No,No
789,Cops ‘n’ Robbers: Big Money,Expanding,No,48,No,9,Progressive,9,Megaways,No,5.18,Low,Animation,No,Yes
790,Gladiators,Sticky,Yes,16,No,6,Progressive,41,Megaways,Yes,69.76,Low,Thriller,No,No
791,All Ways Egypt,Expanding,Yes,19,No,3,Progressive,31,Megaways,Yes,28.39,High,Family,No,No
792,Plush Rush,Regular,No,20,No,6,Progressive,18,Cascading,Yes,88.91,High,War,Yes,No
793,Snow and Sable,Expanding,Yes,26,Yes,8,Progressive,14,Megaways,Yes,59.96,High,Documentary,No,Yes
794,Shaolin Power,Regular,No,48,No,8,Progressive,3,Megaways,No,20.72,High,War,No,Yes
795,Eye of Horus Megaways,Expanding,No,13,No,2,Progressive,3,Megaways,No,32.63,High,Sci-Fi,Yes,Yes
796,Greedy Goblins,Regular,Yes,49,No,8,Progressive,7,Megaways,No,67.68,Low,Fantasy,Yes,Yes
797,Narcos Mexico,Sticky,No,28,No,7,Progressive,10,Megaways,Yes,74.16,High,Thriller,Yes,Yes
798,Vampire Kiss,Regular,Yes,12,Yes,8,Progressive,37,Megaways,No,6.39,High,Biography,Yes,Yes
799,Maji Wilds,Regular,No,7,Yes,6,Progressive,20,Megaways,Yes,87.62,High,Family,No,Yes
800,Titan's Rising - The Golden Era,Sticky,No,5,Yes,7,Progressive,34,Cascading,No,13.34,Low,Sport,Yes,Yes
801,Cash Cave,Sticky,Yes,10,No,9,Progressive,8,Cascading,No,70.88,High,Sport,No,Yes
802,Thrones of Persia,Expanding,No,23,Yes,9,Progressive,18,Megaways,No,8.72,High,Adventure,Yes,No
803,Crystal Hot 40,Expanding,Yes,17,Yes,9,Progressive,10,Cascading,No,33.16,High,Music,Yes,No
804,Leprechauns Lucky Barrel,Expanding,No,10,No,9,Progressive,24,Megaways,No,30.43,Low,Family,Yes,No
805,Something Fruity,Regular,Yes,0,No,9,Progressive,17,Cascading,Yes,47.68,Low,History,Yes,No
806,The Green Machine Deluxe: Power Bet,Expanding,Yes,24,No,9,Progressive,21,Megaways,No,76.87,High,Adventure,Yes,Yes
807,Pearls of India,Regular,Yes,36,No,7,Progressive,28,Megaways,Yes,16.48,Low,Animation,Yes,No
808,More Dragon Ladies,Regular,Yes,16,Yes,4,Progressive,37,Cascading,Yes,35.37,Low,Sci-Fi,Yes,Yes
809,Magic of the Ring Deluxe,Sticky,No,8,No,4,Progressive,2,Cascading,No,23.27,Low,Musical,No,No
810,Lucky Double,Expanding,No,4,No,2,Progressive,10,Cascading,No,88.77,Low,Romance,Yes,No
811,Hot Dragon,Regular,Yes,8,Yes,9,Progressive,46,Megaways,Yes,97.67,Low,Drama,No,Yes
812,Wonder 4,Sticky,Yes,45,Yes,7,Progressive,4,Cascading,No,19.49,High,History,Yes,Yes
813,Dynamite Riches Megaways,Regular,Yes,28,No,7,Progressive,5,Megaways,Yes,81.0,High,Sci-Fi,Yes,Yes
814,Griffin's Quest,Regular,No,19,Yes,10,Progressive,30,Cascading,Yes,41.83,High,Drama,No,No
815,Full Moon Fever,Regular,No,42,Yes,3,Progressive,28,Megaways,No,53.05,High,Drama,Yes,No
816,100 Monkeys,Regular,No,46,No,8,Progressive,44,Cascading,Yes,16.42,High,Thriller,No,No
817,Royal Dragon Infinity,Regular,No,50,No,7,Progressive,34,Megaways,Yes,39.02,Low,Thriller,No,Yes
818,Fairy Dust Xtreme!,Expanding,Yes,17,Yes,7,Progressive,43,Cascading,Yes,90.54,Low,Romance,Yes,Yes
819,6 Fruits,Sticky,No,6,No,10,Progressive,16,Megaways,Yes,35.06,Low,Western,Yes,No
820,Fire 4: Cash Collect Quattro,Regular,No,20,Yes,7,Progressive,13,Megaways,Yes,82.09,Low,War,Yes,Yes
821,Bai Logma,Expanding,Yes,3,Yes,6,Progressive,12,Cascading,No,90.24,Low,War,No,Yes
822,RCT - New Fruit,Sticky,No,4,Yes,3,Progressive,34,Cascading,Yes,35.47,Low,Music,No,No
823,Columbus Treasure,Sticky,No,3,Yes,10,Progressive,12,Cascading,Yes,63.54,High,History,No,Yes
824,Gem Strike,Expanding,No,2,No,8,Progressive,47,Megaways,Yes,9.98,High,Film Noir,Yes,Yes
825,Candy Dreams,Expanding,No,17,Yes,2,Progressive,28,Megaways,Yes,28.66,Low,Romance,Yes,No
826,Seven Seven Xmas,Regular,Yes,8,Yes,3,Progressive,10,Megaways,Yes,90.05,Low,Mystery,Yes,No
827,Burning Fruits V,Expanding,No,6,No,7,Progressive,7,Megaways,Yes,31.32,High,Fantasy,No,No
828,The Belt and Road,Sticky,No,16,No,6,Progressive,7,Megaways,No,28.66,High,Crime,No,Yes
829,Royal Cash,Expanding,No,3,No,5,Progressive,24,Megaways,No,47.93,Low,Action,Yes,No
830,Sugar Craze Bonanza,Regular,Yes,42,No,4,Progressive,50,Cascading,No,75.16,High,Comedy,No,No
831,Trapper's Destiny,Regular,Yes,20,Yes,2,Progressive,43,Cascading,No,30.44,High,History,No,Yes
832,Book of Pirates,Expanding,No,49,No,3,Progressive,43,Megaways,No,59.73,Low,Fantasy,Yes,No
833,Mermaid Beauty,Expanding,Yes,15,Yes,4,Progressive,37,Megaways,No,60.97,High,Crime,No,Yes
834,Ultimate Fire Link Power 4,Expanding,Yes,23,Yes,7,Progressive,10,Megaways,No,13.96,High,Romance,No,No
835,Lucha Rumble,Regular,Yes,36,Yes,7,Progressive,36,Cascading,Yes,62.98,High,Adventure,No,No
836,Soldiers Fortune,Sticky,No,49,Yes,5,Progressive,11,Megaways,Yes,48.96,Low,Crime,No,No
837,Fruity Wild Bonanza Hold and Spin,Expanding,No,9,Yes,5,Progressive,4,Megaways,No,60.18,Low,Sci-Fi,No,No
838,3x3 Egypt: Hold The Spin,Expanding,No,47,Yes,5,Progressive,24,Megaways,Yes,8.66,Low,Musical,No,Yes
839,Double Jackpot Triple Blazing Sevens,Regular,Yes,23,No,3,Progressive,24,Cascading,No,28.77,High,Horror,No,No
840,Bewitched,Expanding,No,3,Yes,4,Progressive,29,Cascading,Yes,70.37,High,Musical,Yes,No
841,Lucky's Fish & Chips,Expanding,Yes,10,Yes,2,Progressive,3,Megaways,No,40.17,High,Thriller,No,Yes
842,Alchemy Ways,Sticky,No,37,No,5,Progressive,39,Cascading,No,78.0,Low,Mystery,Yes,Yes
843,Frozen Gems,Expanding,Yes,36,Yes,4,Progressive,2,Cascading,Yes,42.79,Low,Horror,Yes,Yes
844,Crazy Bee,Sticky,Yes,25,Yes,5,Progressive,35,Megaways,Yes,77.25,High,History,Yes,No
845,Samba Sunset,Regular,Yes,39,No,5,Progressive,24,Cascading,No,74.33,High,Fantasy,No,Yes
846,Fiery Sevens Exclusive,Sticky,Yes,2,Yes,9,Progressive,25,Megaways,No,97.79,High,History,Yes,No
847,Heart of Egypt,Expanding,No,27,No,7,Progressive,45,Cascading,No,69.2,Low,History,No,No
848,Four Tigers,Regular,Yes,42,Yes,10,Progressive,46,Cascading,No,95.52,High,Mystery,No,Yes
849,Super Shot,Expanding,No,5,Yes,2,Progressive,45,Cascading,No,72.09,Low,Drama,No,No
850,Cricket Star,Regular,Yes,16,Yes,8,Progressive,50,Cascading,No,68.23,High,Family,No,No
851,Dwarf Treasure,Regular,Yes,29,Yes,5,Progressive,31,Megaways,Yes,83.11,Low,Western,Yes,Yes
852,Genies Magical Lamp,Sticky,Yes,44,No,3,Progressive,50,Cascading,No,27.29,High,Fantasy,No,No
853,Mega Fire Blaze: Big Circus!,Expanding,Yes,47,Yes,6,Progressive,27,Cascading,Yes,27.36,High,Family,No,No
854,Born Wild,Sticky,No,23,No,3,Progressive,47,Cascading,No,87.39,Low,Horror,Yes,Yes
855,I Heart Triple Diamonds FG,Expanding,Yes,35,No,3,Progressive,46,Megaways,Yes,39.04,Low,Film Noir,Yes,Yes
856,Pirates Quest,Expanding,Yes,11,No,2,Progressive,24,Cascading,No,37.44,Low,History,Yes,No
857,Sherlock,Expanding,No,17,No,3,Progressive,19,Megaways,No,1.64,High,Musical,Yes,Yes
858,Love Lab,Regular,No,12,No,10,Progressive,46,Megaways,No,55.36,Low,Animation,Yes,No
859,Gus Goes Fishin’,Sticky,Yes,34,Yes,8,Progressive,37,Megaways,No,54.06,Low,Mystery,Yes,Yes
860,Kane's Inferno,Regular,No,20,Yes,8,Progressive,30,Megaways,No,11.6,High,Comedy,No,No
861,Spirit of Adventure,Expanding,Yes,7,Yes,7,Progressive,27,Megaways,No,40.8,Low,Animation,Yes,Yes
862,Hot 4 Cash,Regular,No,18,No,5,Progressive,36,Cascading,No,40.74,High,Musical,No,Yes
863,Aladdin’s Treasure,Sticky,No,11,Yes,6,Progressive,39,Megaways,Yes,35.78,Low,Documentary,No,Yes
864,Egyptian Magic,Sticky,No,13,No,2,Progressive,19,Megaways,Yes,9.84,Low,Sci-Fi,Yes,Yes
865,Caveman,Regular,No,32,Yes,2,Progressive,36,Megaways,Yes,33.35,Low,Horror,Yes,No
866,Fruit Mountain,Expanding,Yes,36,Yes,6,Progressive,24,Cascading,No,71.95,Low,Sport,No,Yes
867,Wild Buffalo,Regular,No,19,Yes,8,Progressive,28,Megaways,No,35.43,High,Biography,Yes,No
868,Majestic Winter - Polar Adventures,Regular,No,33,No,8,Progressive,49,Cascading,Yes,29.77,Low,Horror,Yes,No
869,Reel Crime: Stealing Christmas,Sticky,No,16,No,10,Progressive,18,Cascading,No,12.72,High,Documentary,Yes,No
870,Fruitman,Regular,Yes,40,No,10,Progressive,34,Cascading,No,94.72,High,Biography,Yes,No
871,Back to the Fruits,Expanding,Yes,33,No,10,Progressive,0,Megaways,Yes,13.74,Low,Horror,Yes,No
872,Pyramid Valley,Regular,Yes,9,No,9,Progressive,23,Megaways,No,25.31,Low,Animation,No,Yes
873,Illuminous,Sticky,No,32,No,2,Progressive,39,Megaways,Yes,19.58,High,War,No,Yes
874,Panda Party,Expanding,No,29,Yes,8,Progressive,43,Megaways,Yes,23.27,High,Drama,No,Yes
875,Danza De Los Muertos,Expanding,Yes,27,Yes,8,Progressive,26,Megaways,No,65.13,High,History,Yes,No
876,Magic Stars 5,Regular,No,34,Yes,10,Progressive,0,Megaways,Yes,81.14,Low,Musical,No,No
877,Space Jail,Sticky,No,15,Yes,10,Progressive,12,Cascading,No,1.58,Low,Fantasy,No,No
878,2 Million B.c.,Regular,Yes,18,No,3,Progressive,37,Megaways,Yes,88.44,High,Thriller,Yes,No
879,Tower of Power,Sticky,No,39,No,3,Progressive,19,Megaways,No,15.18,Low,Film Noir,Yes,Yes
880,The Purse of the Mummy,Sticky,Yes,42,Yes,9,Progressive,21,Cascading,No,43.31,Low,Sport,No,No
881,Lucky Cai Shen,Regular,Yes,22,Yes,3,Progressive,40,Megaways,No,34.65,High,Family,No,No
882,Egyptian Tombs,Expanding,Yes,41,No,4,Progressive,17,Megaways,No,20.41,High,Fantasy,No,No
883,Freeway 7,Regular,Yes,9,No,5,Progressive,39,Cascading,Yes,18.18,High,Mystery,No,No
884,Gates of Heaven,Sticky,Yes,28,Yes,9,Progressive,17,Cascading,Yes,10.45,High,Romance,Yes,No
885,Robin Hood (Core Gaming),Regular,No,46,Yes,4,Progressive,8,Megaways,No,62.99,Low,Western,No,No
886,9k Yeti,Expanding,No,5,No,8,Progressive,43,Cascading,Yes,10.56,Low,History,Yes,No
887,Cat Wilde in the Eclipse of the Sun God,Regular,Yes,39,No,8,Progressive,20,Megaways,Yes,19.38,High,Sport,Yes,Yes
888,Eggstra Wilds,Expanding,No,20,Yes,2,Progressive,47,Megaways,Yes,90.17,High,Crime,No,No
889,Mexicallente,Expanding,No,34,No,8,Progressive,47,Cascading,Yes,27.23,Low,Biography,No,Yes
890,Stacks of Cheese,Sticky,Yes,50,No,8,Progressive,1,Megaways,Yes,48.54,Low,Music,Yes,No
891,Viking Madness,Expanding,Yes,4,No,6,Progressive,13,Megaways,Yes,36.0,High,Music,No,Yes
892,Shadow of Luxor,Sticky,Yes,7,No,7,Progressive,10,Megaways,No,80.91,High,Drama,No,No
893,Idun's Garden Fusion Reels,Expanding,Yes,20,No,5,Progressive,12,Megaways,Yes,67.55,High,Drama,No,Yes
894,Lock it Link – Riches Aztec Runner,Regular,Yes,23,Yes,3,Progressive,37,Cascading,Yes,17.38,Low,Fantasy,Yes,Yes
895,Forest Richness,Regular,Yes,8,No,9,Progressive,7,Cascading,Yes,9.21,High,Fantasy,Yes,Yes
896,Treasures of Troy,Regular,No,26,Yes,4,Progressive,37,Megaways,No,78.36,High,Mystery,Yes,No
897,Bear Upswing,Expanding,No,34,Yes,4,Progressive,5,Megaways,No,28.3,Low,Fantasy,Yes,Yes
898,Pin-Up Fruits,Regular,No,49,Yes,10,Progressive,11,Cascading,No,61.73,High,Film Noir,Yes,Yes
899,Mega Maya,Regular,Yes,21,No,4,Progressive,14,Megaways,Yes,87.9,High,Horror,Yes,No
900,Bubble Rama,Expanding,No,9,No,8,Progressive,29,Megaways,Yes,35.72,High,Music,Yes,No
901,Dolphin Gold,Regular,Yes,40,Yes,10,Progressive,46,Cascading,No,28.54,Low,Biography,Yes,No
902,Thunderhawk,Sticky,Yes,11,No,5,Progressive,9,Cascading,No,80.04,Low,Crime,Yes,No
903,Hit Slot 2020,Expanding,Yes,9,Yes,10,Progressive,49,Megaways,No,71.8,Low,Mystery,Yes,No
904,Sherwood Gold,Expanding,Yes,12,Yes,3,Progressive,20,Cascading,Yes,67.99,Low,Sport,No,No
905,Life of Riches,Regular,Yes,37,Yes,7,Progressive,33,Megaways,Yes,15.84,High,Western,Yes,Yes
906,Green Diamond,Regular,Yes,14,No,9,Progressive,11,Cascading,No,79.67,High,Musical,Yes,No
907,Frog of Fortune,Regular,No,49,Yes,10,Progressive,44,Cascading,No,44.84,Low,History,No,Yes
908,Badger Miners,Regular,Yes,48,No,3,Progressive,47,Megaways,Yes,86.81,High,Fantasy,No,Yes
909,Dragons of the North Deluxe,Sticky,Yes,36,Yes,6,Progressive,18,Cascading,Yes,24.85,Low,Sci-Fi,Yes,No
910,Jin Ji Bao Xi: Endless Treasure,Regular,No,5,No,5,Progressive,17,Megaways,No,20.63,Low,Horror,Yes,No
911,Great Grizzly,Regular,No,2,Yes,3,Progressive,1,Megaways,No,17.38,Low,Music,Yes,No
912,Return of the Dead,Regular,Yes,47,Yes,7,Progressive,19,Cascading,Yes,49.23,High,Thriller,No,No
913,Crazy Goose,Regular,No,21,No,6,Progressive,37,Cascading,Yes,38.83,Low,Mystery,Yes,No
914,Empire of Wilds,Expanding,No,19,Yes,9,Progressive,17,Megaways,Yes,65.27,High,Mystery,No,No
915,Engeki Rising x50,Sticky,Yes,45,Yes,5,Progressive,8,Megaways,Yes,18.31,High,Family,Yes,No
916,Break da Bank,Sticky,Yes,34,No,5,Progressive,0,Megaways,Yes,12.84,Low,History,No,No
917,SuperWilds,Regular,Yes,48,Yes,9,Progressive,2,Megaways,Yes,95.52,Low,Romance,Yes,Yes
918,Book of Rampage,Expanding,No,7,Yes,2,Progressive,39,Megaways,No,18.61,High,History,Yes,Yes
919,15 Coins Grand Gold Edition,Regular,No,23,No,4,Progressive,10,Cascading,No,22.98,High,Family,Yes,Yes
920,Story of Love - Aphrodite's Spell,Regular,Yes,32,No,4,Progressive,28,Cascading,No,51.88,Low,Drama,No,Yes
921,GemPops,Regular,No,49,No,8,Progressive,5,Cascading,No,85.24,High,Thriller,Yes,No
922,Mighty Panda All Aboard,Sticky,No,43,No,3,Progressive,31,Megaways,No,65.63,Low,Documentary,Yes,No
923,Jade Idol,Expanding,Yes,32,No,5,Progressive,18,Cascading,No,30.66,High,Adventure,Yes,Yes
924,By the Rivers of Buffalo,Expanding,No,37,No,5,Progressive,35,Megaways,Yes,76.45,Low,Action,Yes,Yes
925,Cash Inferno,Sticky,Yes,24,Yes,10,Progressive,47,Megaways,Yes,98.13,High,Music,Yes,Yes
926,Max Megaways,Expanding,Yes,8,Yes,3,Progressive,35,Megaways,Yes,65.45,High,Animation,No,No
927,Lady Lava,Sticky,Yes,28,No,10,Progressive,16,Cascading,Yes,69.71,High,Crime,No,Yes
928,Major Moolah,Expanding,Yes,47,Yes,7,Progressive,21,Cascading,Yes,71.2,Low,Family,Yes,No
929,Eye of Horus,Sticky,No,2,No,5,Progressive,13,Megaways,Yes,26.68,Low,Horror,No,No
930,Million 7,Regular,No,48,No,5,Progressive,6,Megaways,Yes,46.08,Low,Horror,No,Yes
931,Floating Dragon: Dragon Boat Festival,Expanding,No,35,Yes,3,Progressive,27,Megaways,No,41.5,Low,Crime,Yes,No
932,Frozen Fortunes,Sticky,Yes,26,Yes,9,Progressive,20,Megaways,No,22.6,Low,Adventure,No,Yes
933,Jelly Mania XtraStreak™,Sticky,No,41,Yes,5,Progressive,39,Cascading,No,67.04,High,History,No,No
934,Jin Ji Bao Xi Rising Fortunes,Regular,No,34,Yes,3,Progressive,27,Cascading,Yes,94.22,Low,Family,Yes,No
935,Mustang Riches,Sticky,Yes,31,Yes,4,Progressive,25,Cascading,Yes,96.9,Low,Documentary,Yes,Yes
936,Goldfish Feeding Time Treasure,Regular,No,42,No,4,Progressive,15,Megaways,No,71.65,High,Romance,Yes,Yes
937,Sizzling Scorpions,Regular,Yes,20,Yes,10,Progressive,37,Cascading,No,71.51,Low,Western,Yes,No
938,Spectacular,Sticky,No,33,Yes,10,Progressive,49,Megaways,No,20.38,Low,Mystery,Yes,Yes
939,Vegas Reels II,Expanding,No,1,Yes,3,Progressive,6,Megaways,No,25.32,High,Action,No,Yes
940,Butterfly Staxx,Sticky,No,32,Yes,8,Progressive,39,Megaways,Yes,53.59,High,Action,No,Yes
941,Chubby Princess,Regular,Yes,19,Yes,6,Progressive,18,Megaways,Yes,34.09,High,Action,Yes,Yes
942,Stay Frosty!,Sticky,No,5,Yes,10,Progressive,37,Cascading,Yes,86.02,Low,Animation,Yes,Yes
943,Swing Joker,Regular,Yes,24,No,9,Progressive,7,Cascading,No,96.51,Low,Musical,Yes,No
944,Torii Tumble,Sticky,Yes,48,Yes,9,Progressive,46,Megaways,No,25.95,Low,Music,No,No
945,Cash of Kingdoms,Sticky,Yes,42,No,3,Progressive,4,Megaways,Yes,78.96,High,Musical,No,No
946,Lucky Dollar,Sticky,Yes,19,Yes,3,Progressive,12,Cascading,No,90.44,Low,Animation,No,No
947,Hummingbird Honey,Sticky,No,11,Yes,5,Progressive,31,Megaways,No,89.11,Low,Comedy,Yes,No
948,Golden Glyph 2,Expanding,Yes,3,Yes,4,Progressive,32,Cascading,No,44.91,High,Adventure,Yes,No
949,The Dream AVP,Expanding,Yes,27,No,8,Progressive,28,Megaways,No,22.05,Low,Horror,No,Yes
950,Golden Haul Infinity Reels,Regular,Yes,1,No,9,Progressive,38,Cascading,Yes,69.91,High,Action,No,Yes
951,Royal Xmass Dice,Expanding,Yes,28,Yes,10,Progressive,21,Megaways,Yes,32.99,Low,Biography,No,No
952,Lost Realm,Sticky,Yes,18,No,4,Progressive,13,Cascading,Yes,39.41,High,Musical,No,No
953,Ghost Slider,Expanding,No,14,Yes,7,Progressive,32,Megaways,No,49.81,High,Fantasy,Yes,Yes
954,Golden Kitty,Expanding,No,22,Yes,3,Progressive,49,Megaways,Yes,68.38,Low,Comedy,Yes,Yes
955,Candyways Bonanza Megaways,Regular,Yes,7,No,2,Progressive,24,Cascading,No,87.77,Low,Musical,No,Yes
956,Reels Deluxe,Regular,Yes,39,No,3,Progressive,23,Megaways,No,5.43,High,Musical,No,Yes
957,Mighty Medusa,Expanding,No,20,No,10,Progressive,48,Cascading,Yes,44.92,High,History,No,No
958,Agent Jane Blonde Max Volume,Expanding,No,22,Yes,4,Progressive,45,Megaways,No,79.53,High,Musical,Yes,No
959,Primordial Gods,Regular,Yes,18,No,3,Progressive,1,Cascading,Yes,58.53,Low,Action,No,No
960,Hot Gems Xtreme,Sticky,No,12,Yes,2,Progressive,44,Megaways,Yes,29.77,High,Sci-Fi,Yes,Yes
961,2027 ISS,Regular,No,33,No,5,Progressive,40,Megaways,No,47.26,Low,Thriller,Yes,Yes
962,Take the Kingdom,Expanding,Yes,9,No,3,Progressive,24,Cascading,Yes,73.03,Low,Biography,No,No
963,Thor's Lightning,Regular,Yes,17,Yes,7,Progressive,40,Cascading,Yes,37.09,Low,Romance,No,No
964,Money Idol AVP,Regular,No,23,No,9,Progressive,20,Megaways,Yes,86.01,Low,Thriller,No,No
965,Tidal Riches,Regular,Yes,36,No,3,Progressive,44,Megaways,No,78.07,Low,Biography,No,No
966,Triple Lucky 7s SAVP,Sticky,No,23,Yes,10,Progressive,46,Cascading,Yes,64.64,Low,Film Noir,Yes,Yes
967,Hansel & Gretel Candyhouse,Regular,No,49,No,8,Progressive,39,Cascading,Yes,53.18,Low,Musical,Yes,Yes
968,Book of Nibelungen,Sticky,No,8,Yes,2,Progressive,24,Cascading,Yes,72.63,Low,Fantasy,Yes,Yes
969,Bar Bar Black Sheep,Regular,Yes,20,Yes,2,Progressive,35,Megaways,Yes,7.97,High,War,No,No
970,Mega Shark,Regular,Yes,14,No,8,Progressive,10,Cascading,No,55.08,Low,Family,Yes,No
971,Bitcoin Bob,Expanding,Yes,9,Yes,4,Progressive,7,Cascading,Yes,73.36,Low,Biography,Yes,No
972,Jr. Jungle,Expanding,No,22,Yes,7,Progressive,0,Cascading,Yes,71.05,Low,Music,Yes,Yes
973,Royal Rumble XtraGacha,Expanding,No,15,No,9,Progressive,50,Cascading,No,27.89,Low,War,No,Yes
974,Untamed Crowned Eagle,Sticky,Yes,12,Yes,6,Progressive,39,Megaways,Yes,96.26,Low,Adventure,No,No
975,Football Fans,Expanding,Yes,7,No,10,Progressive,41,Megaways,Yes,73.12,High,Adventure,Yes,No
976,Poseidon 3RS Slot,Sticky,No,42,No,7,Progressive,15,Cascading,Yes,80.97,Low,Animation,No,Yes
977,Rebel World,Expanding,Yes,48,Yes,9,Progressive,12,Megaways,Yes,72.44,High,Horror,Yes,Yes
978,Caveman Bob,Sticky,No,11,Yes,9,Progressive,2,Cascading,Yes,98.3,High,Romance,No,No
979,Jurassic Island,Regular,Yes,12,Yes,9,Progressive,26,Cascading,No,30.24,High,Adventure,Yes,No
980,Ri Sheng Yue Geng,Expanding,No,32,Yes,6,Progressive,12,Cascading,Yes,50.01,High,Crime,Yes,No
981,Miss Wildfire,Sticky,No,37,No,5,Progressive,16,Cascading,Yes,94.09,High,Sci-Fi,No,Yes
982,Bar X Hot Spins,Sticky,No,17,No,4,Progressive,31,Megaways,No,35.41,Low,Fantasy,No,No
983,4 Symbols,Expanding,No,14,Yes,3,Progressive,4,Cascading,No,80.8,Low,Western,No,Yes
984,Savanna Roar,Expanding,No,20,Yes,2,Progressive,28,Megaways,Yes,94.82,Low,Western,No,No
985,Feline Fury,Regular,Yes,19,Yes,7,Progressive,41,Megaways,No,87.1,High,Music,No,Yes
986,More Beaties,Expanding,No,29,No,4,Progressive,45,Megaways,Yes,4.23,Low,Action,No,No
987,Blazing Star,Regular,No,41,No,3,Progressive,50,Megaways,Yes,6.51,Low,Thriller,Yes,Yes
988,Wild Animals,Expanding,Yes,15,Yes,4,Progressive,31,Megaways,No,41.68,Low,Adventure,Yes,Yes
989,Kim's Wild Journey,Expanding,No,1,No,9,Progressive,21,Cascading,Yes,27.45,High,Crime,No,No
990,Lucky Twins Link&Win,Sticky,No,43,No,5,Progressive,32,Megaways,Yes,51.32,Low,Drama,Yes,No
991,Christmas Luck,Sticky,Yes,32,Yes,10,Progressive,40,Cascading,No,61.38,High,Adventure,No,Yes
992,Hell Chef,Expanding,Yes,47,No,8,Progressive,39,Megaways,No,50.33,High,Western,No,Yes
993,Wind Lion God,Sticky,No,16,No,9,Progressive,9,Megaways,Yes,87.87,Low,Animation,No,No
994,Book of Atem,Expanding,No,39,No,7,Progressive,50,Megaways,Yes,10.19,High,Horror,Yes,No
995,El Colosseo,Sticky,Yes,13,Yes,9,Progressive,34,Megaways,Yes,25.75,High,Horror,Yes,No
996,Joker Gems,Regular,No,40,Yes,6,Progressive,31,Cascading,Yes,84.57,High,Sci-Fi,Yes,No
997,Aladdin,Regular,Yes,3,Yes,3,Progressive,5,Megaways,Yes,27.52,High,Fantasy,Yes,No
998,Mr. Billionaire,Sticky,No,20,Yes,2,Progressive,24,Megaways,Yes,42.04,Low,Horror,No,Yes
999,81 Vegas Multi Fruits,Sticky,No,10,Yes,6,Progressive,35,Cascading,Yes,85.95,High,Crime,Yes,No
1000,Ancient Fortunes Poseidon Megaways,Sticky,Yes,18,No,7,Progressive,43,Cascading,No,64.73,High,Biography,No,No
